item,region,year_month,price,unit
가리비,전국,2024-05,11703.78,kg
가리비,전국,2024-10,8142.01,kg
가리비,전국,2024-11,7762.91,kg
가리비,전국,2024-12,7925.53,kg
간장,전국,2024-01,11521.77,개
간장,전국,2024-02,10653.42,개
간장,전국,2024-03,10625.73,개
간장,전국,2024-04,12920.98,개
간장,전국,2024-05,12301.68,개
간장,전국,2024-06,12991.96,개
간장,전국,2024-07,13111.3,개
간장,전국,2024-08,13768.5,개
간장,전국,2024-09,13777.08,개
간장,전국,2024-10,13678.67,개
간장,전국,2024-11,13942.82,개
간장,전국,2024-12,13443.7,개
갈치,광주,2022-07,10938.5,1마리
갈치,광주,2022-08,6751.5,1마리
갈치,광주,2022-09,6367.0,1마리
갈치,광주,2022-10,6429.5,1마리
갈치,광주,2022-11,6345.5,1마리
갈치,광주,2022-12,6519.5,1마리
갈치,광주,2023-01,6339.0,1마리
갈치,광주,2023-02,6512.5,1마리
갈치,광주,2023-03,6706.5,1마리
갈치,광주,2023-04,6902.0,1마리
갈치,광주,2023-05,8436.0,1마리
갈치,광주,2023-06,6061.5,1마리
갈치,광주,2023-07,5418.5,1마리
갈치,광주,2023-08,7073.0,1마리
갈치,광주,2023-09,5533.0,1마리
갈치,광주,2023-10,5678.0,1마리
갈치,광주,2023-11,6028.0,1마리
갈치,광주,2023-12,6828.0,1마리
갈치,광주,2024-01,6641.0,1마리
갈치,광주,2024-02,6993.0,1마리
갈치,광주,2024-03,11565.0,1마리
갈치,광주,2024-04,11266.5,1마리
갈치,광주,2024-05,11245.0,1마리
갈치,광주,2024-06,6968.0,1마리
갈치,광주,2024-07,6861.0,1마리
갈치,광주,2024-08,6223.0,1마리
갈치,광주,2024-09,6388.0,1마리
갈치,광주,2024-10,6934.0,1마리
갈치,광주,2024-11,7176.0,1마리
갈치,광주,2024-12,7122.0,1마리
갈치,광주,2025-01,7009.0,1마리
갈치,광주,2025-02,7186.0,1마리
갈치,광주,2025-03,7275.0,1마리
갈치,광주,2025-04,14693.0,1마리
갈치,광주,2025-05,7647.0,1마리
갈치,광주,2025-06,8239.0,1마리
갈치,광주,2025-07,9641.0,1마리
갈치,광주,2025-08,9497.0,1마리
갈치,광주,2025-09,7120.0,1마리
갈치,광주,2025-10,7993.0,1마리
갈치,광주,2025-11,7636.0,1마리
갈치,광주,2025-12,7871.0,1마리
갈치,광주,2026-01,8077.0,1마리
갈치,광주,2026-02,9697.0,1마리
갈치,광주,2026-03,9462.0,1마리
갈치,광주,2026-04,9614.0,1마리
갈치,광주,2026-05,8946.0,1마리
갈치,광주,2026-06,8171.0,1마리
갈치,광주,2026-07,7190.0,1마리
갈치,전국,2024-01,7346.25,마리
갈치,전국,2024-02,7677.79,마리
갈치,전국,2024-03,8983.22,마리
갈치,전국,2024-04,9640.49,마리
갈치,전국,2024-05,9352.17,마리
갈치,전국,2024-06,6298.93,마리
갈치,전국,2024-07,7379.1,마리
갈치,전국,2024-08,6621.8,마리
갈치,전국,2024-09,6559.45,마리
갈치,전국,2024-10,7921.26,마리
갈치,전국,2024-11,6991.44,마리
갈치,전국,2024-12,5843.85,마리
감귤,전국,2024-01,4108.77,개
감귤,전국,2024-02,5379.19,개
감귤,전국,2024-07,7947.36,개
감귤,전국,2024-08,8237.64,개
감귤,전국,2024-09,7742.34,개
감귤,전국,2024-10,4537.12,개
감귤,전국,2024-11,4165.45,개
감귤,전국,2024-12,3793.49,개
감자,광주,2021-01,337.0,100g
감자,광주,2021-02,389.0,100g
감자,광주,2021-03,480.0,100g
감자,광주,2021-04,481.0,100g
감자,광주,2021-05,385.0,100g
감자,광주,2021-06,318.0,100g
감자,광주,2021-07,293.0,100g
감자,광주,2021-08,278.0,100g
감자,광주,2021-09,298.0,100g
감자,광주,2021-10,311.0,100g
감자,광주,2021-11,314.0,100g
감자,광주,2021-12,300.0,100g
감자,광주,2022-01,326.0,100g
감자,광주,2022-02,468.0,100g
감자,광주,2022-03,535.0,100g
감자,광주,2022-04,606.0,100g
감자,광주,2022-05,589.0,100g
감자,광주,2022-06,480.0,100g
감자,광주,2022-07,448.0,100g
감자,광주,2022-08,418.0,100g
감자,광주,2022-09,408.0,100g
감자,광주,2022-10,405.0,100g
감자,광주,2022-11,404.0,100g
감자,광주,2022-12,403.0,100g
감자,광주,2023-01,468.0,100g
감자,광주,2023-02,561.0,100g
감자,광주,2023-03,671.0,100g
감자,광주,2023-04,734.0,100g
감자,광주,2023-05,697.0,100g
감자,광주,2023-06,526.0,100g
감자,광주,2023-07,419.0,100g
감자,광주,2023-08,397.0,100g
감자,광주,2023-09,391.0,100g
감자,광주,2023-10,419.0,100g
감자,광주,2023-11,413.0,100g
감자,광주,2023-12,422.0,100g
감자,광주,2024-01,415.0,100g
감자,광주,2024-02,548.0,100g
감자,광주,2024-03,629.0,100g
감자,광주,2024-04,657.0,100g
감자,광주,2024-05,590.0,100g
감자,광주,2024-06,391.0,100g
감자,광주,2024-07,359.0,100g
감자,광주,2024-08,345.0,100g
감자,광주,2024-09,349.0,100g
감자,광주,2024-10,345.0,100g
감자,광주,2024-11,368.0,100g
감자,광주,2024-12,413.0,100g
감자,광주,2025-01,441.0,100g
감자,광주,2025-02,556.0,100g
감자,광주,2025-03,642.0,100g
감자,광주,2025-04,624.0,100g
감자,광주,2025-05,696.0,100g
감자,광주,2025-06,566.0,100g
감자,광주,2025-07,461.0,100g
감자,광주,2025-08,496.0,100g
감자,광주,2025-09,496.0,100g
감자,광주,2025-10,468.0,100g
감자,광주,2025-11,454.0,100g
감자,광주,2025-12,468.0,100g
감자,광주,2026-01,445.0,100g
감자,광주,2026-02,601.0,100g
감자,광주,2026-03,682.0,100g
감자,광주,2026-04,686.0,100g
감자,광주,2026-05,703.0,100g
감자,광주,2026-06,420.0,100g
감자,광주,2026-07,345.0,100g
감자,전국,2024-01,448.4,g
감자,전국,2024-02,479.44,g
감자,전국,2024-03,460.91,g
감자,전국,2024-04,435.53,g
감자,전국,2024-05,458.38,g
감자,전국,2024-06,368.99,g
감자,전국,2024-07,290.83,g
감자,전국,2024-08,271.81,g
감자,전국,2024-09,271.45,g
감자,전국,2024-10,284.37,g
감자,전국,2024-11,285.54,g
감자,전국,2024-12,317.94,g
갓,전국,2024-01,5342.15,kg
갓,전국,2024-10,4038.45,kg
갓,전국,2024-11,3907.9,kg
갓,전국,2024-12,4868.02,kg
건고추,전국,2024-01,18506.72,g
건고추,전국,2024-02,18511.11,g
건고추,전국,2024-03,18573.83,g
건고추,전국,2024-04,18671.19,g
건고추,전국,2024-05,18736.33,g
건고추,전국,2024-06,18734.03,g
건고추,전국,2024-07,18733.33,g
건고추,전국,2024-08,18820.33,g
건고추,전국,2024-09,18901.91,g
건고추,전국,2024-10,18301.53,g
건고추,전국,2024-11,18049.71,g
건고추,전국,2024-12,18159.06,g
건다시마,전국,2024-05,3947.79,g
건다시마,전국,2024-06,3736.09,g
건다시마,전국,2024-07,3726.85,g
건다시마,전국,2024-08,3746.74,g
건다시마,전국,2024-09,3750.72,g
건다시마,전국,2024-10,3747.66,g
건다시마,전국,2024-11,3762.1,g
건다시마,전국,2024-12,3763.71,g
건멸치,전국,2024-01,2984.57,g
건멸치,전국,2024-02,2975.44,g
건멸치,전국,2024-03,2865.18,g
건멸치,전국,2024-04,2826.19,g
건멸치,전국,2024-05,2863.82,g
건멸치,전국,2024-06,2867.77,g
건멸치,전국,2024-07,2887.42,g
건멸치,전국,2024-08,2898.51,g
건멸치,전국,2024-09,2878.69,g
건멸치,전국,2024-10,2943.66,g
건멸치,전국,2024-11,2879.79,g
건미역,전국,2024-01,3025.61,g
건미역,전국,2024-02,3080.8,g
건미역,전국,2024-03,3069.3,g
건미역,전국,2024-04,3054.62,g
건미역,전국,2024-05,3090.2,g
건미역,전국,2024-06,3107.47,g
건미역,전국,2024-07,3123.96,g
건미역,전국,2024-08,3119.15,g
건미역,전국,2024-09,3081.78,g
건미역,전국,2024-10,3113.84,g
건미역,전국,2024-11,3126.65,g
건오징어,전국,2024-01,70421.88,마리
건오징어,전국,2024-02,71787.73,마리
건오징어,전국,2024-03,70208.04,마리
건오징어,전국,2024-04,70456.49,마리
건오징어,전국,2024-05,69939.21,마리
건오징어,전국,2024-06,72445.53,마리
건오징어,전국,2024-07,77821.43,마리
건오징어,전국,2024-08,79342.85,마리
건오징어,전국,2024-09,77468.96,마리
건오징어,전국,2024-10,80377.62,마리
건오징어,전국,2024-11,78790.89,마리
고구마,광주,2021-01,6079.0,1kg
고구마,광주,2021-02,6221.0,1kg
고구마,광주,2021-03,6276.0,1kg
고구마,광주,2021-04,6241.0,1kg
고구마,광주,2021-05,7090.0,1kg
고구마,광주,2021-06,6965.0,1kg
고구마,광주,2021-07,6675.0,1kg
고구마,광주,2021-08,5999.0,1kg
고구마,광주,2021-09,5679.0,1kg
고구마,광주,2021-10,4974.0,1kg
고구마,광주,2021-11,4913.0,1kg
고구마,광주,2021-12,5271.0,1kg
고구마,광주,2022-01,5413.0,1kg
고구마,광주,2022-02,5106.0,1kg
고구마,광주,2022-03,5209.0,1kg
고구마,광주,2022-04,5338.0,1kg
고구마,광주,2022-05,5316.0,1kg
고구마,광주,2022-06,5363.0,1kg
고구마,광주,2022-07,5547.0,1kg
고구마,광주,2022-08,5793.0,1kg
고구마,광주,2022-09,5433.0,1kg
고구마,광주,2022-10,5135.0,1kg
고구마,광주,2022-11,4955.0,1kg
고구마,광주,2022-12,5123.0,1kg
고구마,광주,2023-01,5486.0,1kg
고구마,광주,2023-02,5418.0,1kg
고구마,광주,2023-03,5016.0,1kg
고구마,광주,2023-04,5410.0,1kg
고구마,광주,2023-05,5855.0,1kg
고구마,광주,2023-06,5669.0,1kg
고구마,광주,2023-07,6274.0,1kg
고구마,광주,2023-08,7361.0,1kg
고구마,광주,2023-09,6307.0,1kg
고구마,광주,2023-10,5978.0,1kg
고구마,광주,2023-11,5498.0,1kg
고구마,광주,2023-12,5856.0,1kg
고구마,광주,2024-01,5428.0,1kg
고구마,광주,2024-02,5759.0,1kg
고구마,광주,2024-03,6072.0,1kg
고구마,광주,2024-04,5809.0,1kg
고구마,광주,2024-05,6014.0,1kg
고구마,광주,2024-06,6381.0,1kg
고구마,광주,2024-07,6454.0,1kg
고구마,광주,2024-08,5953.0,1kg
고구마,광주,2024-09,5668.0,1kg
고구마,광주,2024-10,5493.0,1kg
고구마,광주,2024-11,5568.0,1kg
고구마,광주,2024-12,5217.0,1kg
고구마,광주,2025-01,5437.0,1kg
고구마,광주,2025-02,5045.0,1kg
고구마,광주,2025-03,5319.0,1kg
고구마,광주,2025-04,5311.0,1kg
고구마,광주,2025-05,5110.0,1kg
고구마,광주,2025-06,5800.0,1kg
고구마,광주,2025-07,5636.0,1kg
고구마,광주,2025-08,6458.0,1kg
고구마,광주,2025-09,5733.0,1kg
고구마,광주,2025-10,5604.0,1kg
고구마,광주,2025-11,4564.0,1kg
고구마,광주,2025-12,4474.0,1kg
고구마,광주,2026-01,4643.0,1kg
고구마,광주,2026-02,5216.0,1kg
고구마,광주,2026-03,5596.0,1kg
고구마,광주,2026-04,5597.0,1kg
고구마,광주,2026-05,6217.0,1kg
고구마,광주,2026-06,5528.0,1kg
고구마,광주,2026-07,5026.0,1kg
고구마,전국,2024-01,4786.14,kg
고구마,전국,2024-02,4822.26,kg
고구마,전국,2024-03,4918.99,kg
고구마,전국,2024-04,4926.63,kg
고구마,전국,2024-05,5168.16,kg
고구마,전국,2024-06,5384.56,kg
고구마,전국,2024-07,5395.9,kg
고구마,전국,2024-08,5252.18,kg
고구마,전국,2024-09,5153.18,kg
고구마,전국,2024-10,4785.72,kg
고구마,전국,2024-11,4735.76,kg
고구마,전국,2024-12,4722.11,kg
고등어,광주,2022-07,3525.0,1마리
고등어,광주,2022-08,3585.5,1마리
고등어,광주,2022-09,3601.5,1마리
고등어,광주,2022-10,3540.5,1마리
고등어,광주,2022-11,4414.0,1마리
고등어,광주,2022-12,4766.0,1마리
고등어,광주,2023-01,4795.0,1마리
고등어,광주,2023-02,4541.0,1마리
고등어,광주,2023-03,4561.0,1마리
고등어,광주,2023-04,4888.0,1마리
고등어,광주,2023-05,4580.0,1마리
고등어,광주,2023-06,4095.5,1마리
고등어,광주,2023-07,3835.0,1마리
고등어,광주,2023-08,3861.5,1마리
고등어,광주,2023-09,3647.5,1마리
고등어,광주,2023-10,3664.0,1마리
고등어,광주,2023-11,3585.0,1마리
고등어,광주,2023-12,3977.5,1마리
고등어,광주,2024-01,4120.5,1마리
고등어,광주,2024-02,3847.5,1마리
고등어,광주,2024-03,4020.0,1마리
고등어,광주,2024-04,3572.0,1마리
고등어,광주,2024-05,3903.5,1마리
고등어,광주,2024-06,3402.5,1마리
고등어,광주,2024-07,3473.5,1마리
고등어,광주,2024-08,3838.0,1마리
고등어,광주,2024-09,3773.0,1마리
고등어,광주,2024-10,3736.5,1마리
고등어,광주,2024-11,4084.5,1마리
고등어,광주,2024-12,4240.5,1마리
고등어,광주,2025-01,4141.0,1마리
고등어,광주,2025-02,4607.0,1마리
고등어,광주,2025-03,4071.5,1마리
고등어,광주,2025-04,3870.0,1마리
고등어,광주,2025-05,3448.5,1마리
고등어,광주,2025-06,3484.0,1마리
고등어,광주,2025-07,3887.0,1마리
고등어,광주,2025-08,3660.0,1마리
고등어,광주,2025-09,3499.5,1마리
고등어,광주,2025-10,3853.0,1마리
고등어,광주,2025-11,4010.5,1마리
고등어,광주,2025-12,3756.0,1마리
고등어,광주,2026-01,4038.5,1마리
고등어,광주,2026-02,4259.5,1마리
고등어,광주,2026-03,4058.0,1마리
고등어,광주,2026-04,3831.5,1마리
고등어,광주,2026-05,3876.0,1마리
고등어,광주,2026-06,3780.5,1마리
고등어,광주,2026-07,3784.0,1마리
고등어,전국,2024-01,4387.51,마리
고등어,전국,2024-02,4470.76,마리
고등어,전국,2024-03,4247.12,마리
고등어,전국,2024-04,3929.27,마리
고등어,전국,2024-05,4441.11,마리
고등어,전국,2024-06,4128.25,마리
고등어,전국,2024-07,4030.26,마리
고등어,전국,2024-08,3919.38,마리
고등어,전국,2024-09,3866.57,마리
고등어,전국,2024-10,4011.79,마리
고등어,전국,2024-11,4289.49,마리
고등어,전국,2024-12,4252.22,마리
고추장,전국,2024-01,14636.33,개
고추장,전국,2024-02,14397.33,개
고추장,전국,2024-03,13662.1,개
고추장,전국,2024-04,15064.63,개
고추장,전국,2024-05,14710.41,개
고추장,전국,2024-06,15297.01,개
고추장,전국,2024-07,16819.63,개
고추장,전국,2024-08,15315.47,개
고추장,전국,2024-09,15767.33,개
고추장,전국,2024-10,16429.24,개
고추장,전국,2024-11,16788.8,개
고추장,전국,2024-12,16257.0,개
고춧가루,전국,2024-01,24165.58,kg
고춧가루,전국,2024-02,24908.16,kg
고춧가루,전국,2024-03,23807.04,kg
고춧가루,전국,2024-04,23826.46,kg
고춧가루,전국,2024-05,23553.89,kg
고춧가루,전국,2024-06,24495.78,kg
고춧가루,전국,2024-07,24561.01,kg
고춧가루,전국,2024-08,24314.1,kg
고춧가루,전국,2024-09,24201.99,kg
고춧가루,전국,2024-10,23976.64,kg
고춧가루,전국,2024-11,21659.42,kg
고춧가루,전국,2024-12,22201.16,kg
굴,광주,2021-01,22067.0,1kg
굴,광주,2021-02,19701.0,1kg
굴,광주,2021-03,17680.0,1kg
굴,광주,2021-04,12632.0,1kg
굴,광주,2021-10,22772.0,1kg
굴,광주,2021-11,28865.0,1kg
굴,광주,2021-12,26586.0,1kg
굴,광주,2022-01,24645.0,1kg
굴,광주,2022-02,26230.0,1kg
굴,광주,2022-03,20501.0,1kg
굴,광주,2022-04,12280.0,1kg
굴,광주,2022-10,35185.0,1kg
굴,광주,2022-11,28825.0,1kg
굴,광주,2022-12,30322.0,1kg
굴,광주,2023-01,28355.0,1kg
굴,광주,2023-02,25471.0,1kg
굴,광주,2023-03,19615.0,1kg
굴,광주,2023-04,19925.0,1kg
굴,광주,2023-10,19964.0,1kg
굴,광주,2023-11,22845.0,1kg
굴,광주,2023-12,25007.0,1kg
굴,광주,2024-01,22993.0,1kg
굴,광주,2024-02,20813.0,1kg
굴,광주,2024-03,17959.0,1kg
굴,광주,2024-04,18975.0,1kg
굴,광주,2024-05,16983.0,1kg
굴,광주,2024-10,21073.0,1kg
굴,광주,2024-11,22941.0,1kg
굴,광주,2024-12,28595.0,1kg
굴,광주,2025-01,23080.0,1kg
굴,광주,2025-02,22425.0,1kg
굴,광주,2025-03,19908.0,1kg
굴,광주,2025-04,20337.0,1kg
굴,광주,2025-10,20220.0,1kg
굴,광주,2025-11,21053.0,1kg
굴,광주,2025-12,23851.0,1kg
굴,광주,2026-01,21330.0,1kg
굴,광주,2026-02,19724.0,1kg
굴,광주,2026-03,20837.0,1kg
굴,광주,2026-04,16933.0,1kg
굴,전국,2024-01,22328.38,kg
굴,전국,2024-02,19935.72,kg
굴,전국,2024-03,19090.55,kg
굴,전국,2024-04,18449.49,kg
굴,전국,2024-05,18361.04,kg
굴,전국,2024-10,20018.1,kg
굴,전국,2024-11,22043.99,kg
굴,전국,2024-12,26579.12,kg
굵은소금,전국,2024-01,10665.27,kg
굵은소금,전국,2024-02,10244.75,kg
굵은소금,전국,2024-03,10336.75,kg
굵은소금,전국,2024-04,10310.65,kg
굵은소금,전국,2024-05,11065.72,kg
굵은소금,전국,2024-06,11212.0,kg
굵은소금,전국,2024-07,10942.01,kg
굵은소금,전국,2024-08,10940.29,kg
굵은소금,전국,2024-09,11090.92,kg
굵은소금,전국,2024-10,11693.54,kg
굵은소금,전국,2024-11,11005.09,kg
김,전국,2024-01,1377.59,장
김,전국,2024-02,1411.94,장
김,전국,2024-03,1446.55,장
김,전국,2024-04,1584.71,장
김,전국,2024-05,1614.07,장
김,전국,2024-06,1579.02,장
김,전국,2024-07,1606.99,장
김,전국,2024-08,1678.07,장
김,전국,2024-09,1722.88,장
김,전국,2024-10,1700.78,장
김,전국,2024-11,1721.68,장
김,전국,2024-12,1746.41,장
김치,전국,2024-01,33059.12,개
김치,전국,2024-02,32913.32,개
김치,전국,2024-03,32884.38,개
김치,전국,2024-04,32616.29,개
김치,전국,2024-05,32954.54,개
김치,전국,2024-06,32775.35,개
김치,전국,2024-07,32868.78,개
김치,전국,2024-08,34044.58,개
김치,전국,2024-09,34520.65,개
김치,전국,2024-10,35364.6,개
깐마늘,광주,2021-01,10111.0,1kg
깐마늘,광주,2021-02,10264.0,1kg
깐마늘,광주,2021-03,10806.0,1kg
깐마늘,광주,2021-04,11976.0,1kg
깐마늘,광주,2021-05,12401.0,1kg
깐마늘,광주,2021-06,12392.0,1kg
깐마늘,광주,2021-07,12319.0,1kg
깐마늘,광주,2021-08,12790.0,1kg
깐마늘,광주,2021-09,12747.0,1kg
깐마늘,광주,2021-10,12747.0,1kg
깐마늘,광주,2021-11,12348.0,1kg
깐마늘,광주,2021-12,13210.0,1kg
깐마늘,광주,2022-01,12476.0,1kg
깐마늘,광주,2022-02,12905.0,1kg
깐마늘,광주,2022-03,12412.0,1kg
깐마늘,광주,2022-04,13571.0,1kg
깐마늘,광주,2022-05,14017.0,1kg
깐마늘,광주,2022-06,13841.0,1kg
깐마늘,광주,2022-07,13203.0,1kg
깐마늘,광주,2022-08,13537.0,1kg
깐마늘,광주,2022-09,13372.0,1kg
깐마늘,광주,2022-10,14127.0,1kg
깐마늘,광주,2022-11,11910.0,1kg
깐마늘,광주,2022-12,12488.0,1kg
깐마늘,광주,2023-01,12644.0,1kg
깐마늘,광주,2023-02,13423.0,1kg
깐마늘,광주,2023-03,12157.0,1kg
깐마늘,광주,2023-04,12554.0,1kg
깐마늘,광주,2023-05,11556.0,1kg
깐마늘,광주,2023-06,10361.0,1kg
깐마늘,광주,2023-07,9514.0,1kg
깐마늘,광주,2023-08,9404.0,1kg
깐마늘,광주,2023-09,8237.0,1kg
깐마늘,광주,2023-10,9558.0,1kg
깐마늘,광주,2023-11,7831.0,1kg
깐마늘,광주,2023-12,9551.0,1kg
깐마늘,광주,2024-01,9878.0,1kg
깐마늘,광주,2024-02,10191.0,1kg
깐마늘,광주,2024-03,9995.0,1kg
깐마늘,광주,2024-04,9183.0,1kg
깐마늘,광주,2024-05,9174.0,1kg
깐마늘,광주,2024-06,10325.0,1kg
깐마늘,광주,2024-07,10222.0,1kg
깐마늘,광주,2024-08,9708.0,1kg
깐마늘,광주,2024-09,9424.0,1kg
깐마늘,광주,2024-10,10036.0,1kg
깐마늘,광주,2024-11,8733.0,1kg
깐마늘,광주,2024-12,9558.0,1kg
깐마늘,광주,2025-01,8786.0,1kg
깐마늘,광주,2025-02,11477.0,1kg
깐마늘,광주,2025-03,11308.0,1kg
깐마늘,광주,2025-04,11747.0,1kg
깐마늘,광주,2025-05,12685.0,1kg
깐마늘,광주,2025-06,12137.0,1kg
깐마늘,광주,2025-07,12994.0,1kg
깐마늘,광주,2025-08,12071.0,1kg
깐마늘,광주,2025-09,10960.0,1kg
깐마늘,광주,2025-10,10942.0,1kg
깐마늘,광주,2025-11,9918.0,1kg
깐마늘,광주,2025-12,11744.0,1kg
깐마늘,광주,2026-01,11469.0,1kg
깐마늘,광주,2026-02,10859.0,1kg
깐마늘,광주,2026-03,13468.0,1kg
깐마늘,광주,2026-04,13461.0,1kg
깐마늘,광주,2026-05,13365.0,1kg
깐마늘,광주,2026-06,13900.0,1kg
깐마늘,광주,2026-07,11120.0,1kg
깐마늘,전국,2024-01,8817.2,kg
깐마늘,전국,2024-02,8715.12,kg
깐마늘,전국,2024-03,8680.56,kg
깐마늘,전국,2024-04,8396.08,kg
깐마늘,전국,2024-05,8429.6,kg
깐마늘,전국,2024-06,8940.26,kg
깐마늘,전국,2024-07,8780.88,kg
깐마늘,전국,2024-08,8948.42,kg
깐마늘,전국,2024-09,8798.44,kg
깐마늘,전국,2024-10,9248.04,kg
깐마늘,전국,2024-11,8302.02,kg
깐마늘,전국,2024-12,8722.49,kg
깻잎,전국,2024-01,2891.9,g
깻잎,전국,2024-02,3046.58,g
깻잎,전국,2024-03,2521.41,g
깻잎,전국,2024-04,2060.19,g
깻잎,전국,2024-05,2269.48,g
깻잎,전국,2024-06,1622.83,g
깻잎,전국,2024-07,1750.33,g
깻잎,전국,2024-08,2088.98,g
깻잎,전국,2024-09,3436.16,g
깻잎,전국,2024-10,3458.36,g
깻잎,전국,2024-11,2951.09,g
깻잎,전국,2024-12,2744.7,g
꽁치,전국,2024-01,6421.84,마리
꽁치,전국,2024-02,6571.95,마리
꽁치,전국,2024-03,6484.96,마리
꽁치,전국,2024-04,6488.91,마리
꽁치,전국,2024-05,6600.7,마리
꽁치,전국,2024-06,6779.38,마리
꽁치,전국,2024-07,7012.27,마리
꽁치,전국,2024-08,7053.34,마리
꽁치,전국,2024-09,7101.72,마리
꽁치,전국,2024-10,7087.71,마리
꽁치,전국,2024-11,7092.41,마리
꽁치,전국,2024-12,6985.9,마리
녹두,전국,2024-01,11693.8,g
녹두,전국,2024-02,11488.89,g
녹두,전국,2024-03,12010.84,g
녹두,전국,2024-04,11768.0,g
녹두,전국,2024-05,11917.14,g
녹두,전국,2024-06,11933.0,g
녹두,전국,2024-07,11424.16,g
녹두,전국,2024-08,11607.99,g
녹두,전국,2024-09,11515.65,g
녹두,전국,2024-10,11900.34,g
녹두,전국,2024-11,11630.78,g
녹두,전국,2024-12,11818.98,g
느타리버섯,전국,2024-01,848.75,g
느타리버섯,전국,2024-02,913.11,g
느타리버섯,전국,2024-03,807.87,g
느타리버섯,전국,2024-04,794.2,g
느타리버섯,전국,2024-05,781.33,g
느타리버섯,전국,2024-06,782.77,g
느타리버섯,전국,2024-07,771.39,g
느타리버섯,전국,2024-08,793.32,g
느타리버섯,전국,2024-09,903.26,g
느타리버섯,전국,2024-10,837.62,g
느타리버섯,전국,2024-11,823.41,g
느타리버섯,전국,2024-12,805.53,g
단감,전국,2024-01,16538.47,개
단감,전국,2024-02,18189.03,개
단감,전국,2024-03,19250.74,개
단감,전국,2024-04,19432.98,개
단감,전국,2024-10,15310.88,개
단감,전국,2024-11,10526.76,개
단감,전국,2024-12,11433.26,개
당근,전국,2024-01,3209.54,kg
당근,전국,2024-02,3487.65,kg
당근,전국,2024-03,4009.21,kg
당근,전국,2024-04,4599.93,kg
당근,전국,2024-05,4403.4,kg
당근,전국,2024-06,4843.31,kg
당근,전국,2024-07,5082.01,kg
당근,전국,2024-08,5588.86,kg
당근,전국,2024-09,6357.6,kg
당근,전국,2024-10,6340.38,kg
당근,전국,2024-11,5827.03,kg
당근,전국,2024-12,6045.55,kg
된장,전국,2024-01,7512.5,개
된장,전국,2024-02,7740.42,개
된장,전국,2024-03,7523.14,개
된장,전국,2024-04,7622.89,개
된장,전국,2024-05,7603.25,개
된장,전국,2024-06,7533.39,개
된장,전국,2024-07,6840.3,개
된장,전국,2024-08,6926.32,개
된장,전국,2024-09,8035.16,개
된장,전국,2024-10,6371.86,개
된장,전국,2024-11,7300.87,개
된장,전국,2024-12,7151.88,개
두부,전국,2024-01,5088.33,개
두부,전국,2024-02,5205.35,개
두부,전국,2024-03,5239.98,개
두부,전국,2024-04,5177.2,개
두부,전국,2024-05,5308.96,개
두부,전국,2024-06,5268.07,개
두부,전국,2024-07,5258.12,개
두부,전국,2024-08,5239.1,개
두부,전국,2024-09,5214.45,개
두부,전국,2024-10,5267.02,개
두부,전국,2024-11,5152.35,개
두부,전국,2024-12,5252.09,개
딸기,전국,2024-01,1960.61,g
딸기,전국,2024-02,1845.77,g
딸기,전국,2024-03,1342.45,g
딸기,전국,2024-04,1122.51,g
딸기,전국,2024-05,1080.63,g
딸기,전국,2024-12,2458.0,g
땅콩,전국,2024-01,2181.4,g
땅콩,전국,2024-02,2157.16,g
땅콩,전국,2024-03,2299.31,g
땅콩,전국,2024-04,2313.51,g
땅콩,전국,2024-05,2336.61,g
땅콩,전국,2024-06,2402.1,g
땅콩,전국,2024-07,2408.59,g
땅콩,전국,2024-08,2401.23,g
땅콩,전국,2024-09,2404.12,g
땅콩,전국,2024-10,2439.47,g
땅콩,전국,2024-11,2474.09,g
땅콩,전국,2024-12,2479.55,g
레몬,전국,2024-01,9978.67,개
레몬,전국,2024-02,9968.17,개
레몬,전국,2024-03,9586.5,개
레몬,전국,2024-04,9471.4,개
레몬,전국,2024-05,9820.29,개
레몬,전국,2024-06,11384.69,개
레몬,전국,2024-07,11031.92,개
레몬,전국,2024-08,9492.87,개
레몬,전국,2024-09,9802.51,개
레몬,전국,2024-10,9919.28,개
레몬,전국,2024-11,9442.32,개
레몬,전국,2024-12,10261.1,개
마른멸치,전국,2024-12,2960.5,g
마른미역,전국,2024-12,3116.7,g
마른오징어,전국,2024-12,79969.88,마리
맛김,전국,2024-01,8522.14,묶음
맛김,전국,2024-02,9100.65,묶음
맛김,전국,2024-03,8850.01,묶음
맛김,전국,2024-04,8882.3,묶음
맛김,전국,2024-05,9149.41,묶음
맛김,전국,2024-06,9510.42,묶음
맛김,전국,2024-07,9819.58,묶음
맛김,전국,2024-08,9845.2,묶음
맛김,전국,2024-09,9801.11,묶음
맛김,전국,2024-10,10173.25,묶음
맛김,전국,2024-11,9825.41,묶음
맛김,전국,2024-12,9951.76,묶음
망고,전국,2024-01,4784.87,개
망고,전국,2024-02,4365.1,개
망고,전국,2024-03,3298.51,개
망고,전국,2024-04,3275.09,개
망고,전국,2024-05,3389.43,개
망고,전국,2024-06,3776.34,개
망고,전국,2024-07,4072.68,개
망고,전국,2024-08,7017.57,개
망고,전국,2024-09,7171.42,개
망고,전국,2024-10,4982.25,개
망고,전국,2024-11,4996.64,개
망고,전국,2024-12,4790.39,개
멜론,전국,2024-01,17040.83,개
멜론,전국,2024-02,18780.32,개
멜론,전국,2024-03,19905.13,개
멜론,전국,2024-04,16275.11,개
멜론,전국,2024-05,15898.96,개
멜론,전국,2024-06,9321.02,개
멜론,전국,2024-07,8547.45,개
멜론,전국,2024-08,8884.15,개
멜론,전국,2024-09,9970.3,개
멜론,전국,2024-10,8473.47,개
멜론,전국,2024-11,10458.64,개
멜론,전국,2024-12,14043.02,개
멸치액젓,전국,2024-01,5264.47,kg
멸치액젓,전국,2024-02,5283.06,kg
멸치액젓,전국,2024-03,5248.61,kg
멸치액젓,전국,2024-04,5305.37,kg
멸치액젓,전국,2024-05,5339.04,kg
멸치액젓,전국,2024-06,5331.74,kg
멸치액젓,전국,2024-07,5335.83,kg
멸치액젓,전국,2024-08,5354.48,kg
멸치액젓,전국,2024-09,5385.43,kg
멸치액젓,전국,2024-10,5378.23,kg
멸치액젓,전국,2024-11,5018.36,kg
멸치액젓,전국,2024-12,5362.17,kg
명태,전국,2024-01,3171.51,마리
명태,전국,2024-02,3079.83,마리
명태,전국,2024-03,2998.84,마리
명태,전국,2024-04,3074.39,마리
명태,전국,2024-05,3218.34,마리
명태,전국,2024-06,3890.06,마리
명태,전국,2024-07,3329.22,마리
명태,전국,2024-08,3321.7,마리
명태,전국,2024-09,3335.02,마리
명태,전국,2024-10,3342.86,마리
명태,전국,2024-11,3927.75,마리
명태,전국,2024-12,3981.11,마리
무,광주,2021-01,1820.0,1개
무,광주,2021-02,1712.0,1개
무,광주,2021-03,1458.0,1개
무,광주,2021-04,1297.0,1개
무,광주,2021-05,1488.0,1개
무,광주,2021-06,1624.0,1개
무,광주,2021-07,1700.0,1개
무,광주,2021-08,2181.0,1개
무,광주,2021-09,1829.0,1개
무,광주,2021-10,1666.0,1개
무,광주,2021-11,1721.0,1개
무,광주,2021-12,1725.0,1개
무,광주,2022-01,1708.0,1개
무,광주,2022-02,1739.0,1개
무,광주,2022-03,1554.0,1개
무,광주,2022-04,1455.0,1개
무,광주,2022-05,1863.0,1개
무,광주,2022-06,1993.0,1개
무,광주,2022-07,2358.0,1개
무,광주,2022-08,3136.0,1개
무,광주,2022-09,3808.0,1개
무,광주,2022-10,3410.0,1개
무,광주,2022-11,2524.0,1개
무,광주,2022-12,1794.0,1개
무,광주,2023-01,1735.0,1개
무,광주,2023-02,1919.0,1개
무,광주,2023-03,1775.0,1개
무,광주,2023-04,1805.0,1개
무,광주,2023-05,2097.0,1개
무,광주,2023-06,1751.0,1개
무,광주,2023-07,2086.0,1개
무,광주,2023-08,2844.0,1개
무,광주,2023-09,2652.0,1개
무,광주,2023-10,2813.0,1개
무,광주,2023-11,1527.0,1개
무,광주,2023-12,1697.0,1개
무,광주,2024-01,1656.0,1개
무,광주,2024-02,1838.0,1개
무,광주,2024-03,2120.0,1개
무,광주,2024-04,1986.0,1개
무,광주,2024-05,1981.0,1개
무,광주,2024-06,1998.0,1개
무,광주,2024-07,2661.0,1개
무,광주,2024-08,3545.0,1개
무,광주,2024-09,4504.0,1개
무,광주,2024-10,3518.0,1개
무,광주,2024-11,2784.0,1개
무,광주,2024-12,3278.0,1개
무,광주,2025-01,2959.0,1개
무,광주,2025-02,3160.0,1개
무,광주,2025-03,3215.0,1개
무,광주,2025-04,3022.0,1개
무,광주,2025-05,2807.0,1개
무,광주,2025-06,2184.0,1개
무,광주,2025-07,2579.0,1개
무,광주,2025-08,2828.0,1개
무,광주,2025-09,2258.0,1개
무,광주,2025-10,2374.0,1개
무,광주,2025-11,1952.0,1개
무,광주,2025-12,2356.0,1개
무,광주,2026-01,2301.0,1개
무,광주,2026-02,2069.0,1개
무,광주,2026-03,2060.0,1개
무,광주,2026-04,1987.0,1개
무,광주,2026-05,2189.0,1개
무,광주,2026-06,1980.0,1개
무,광주,2026-07,1926.0,1개
무,전국,2024-01,1514.53,개
무,전국,2024-02,1579.31,개
무,전국,2024-03,1671.39,개
무,전국,2024-04,1775.7,개
무,전국,2024-05,1980.19,개
무,전국,2024-06,1987.63,개
무,전국,2024-07,2366.62,개
무,전국,2024-08,2929.95,개
무,전국,2024-09,3521.34,개
무,전국,2024-10,3418.78,개
무,전국,2024-11,2733.09,개
무,전국,2024-12,2900.01,개
물오징어,광주,2022-07,3415.0,1마리
물오징어,광주,2022-08,3765.5,1마리
물오징어,광주,2022-09,3967.0,1마리
물오징어,광주,2022-10,5195.0,1마리
물오징어,광주,2022-11,5836.0,1마리
물오징어,광주,2022-12,6312.0,1마리
물오징어,광주,2023-01,6690.0,1마리
물오징어,광주,2023-02,6831.0,1마리
물오징어,광주,2023-03,5761.5,1마리
물오징어,광주,2023-05,5189.0,1마리
물오징어,광주,2023-06,4128.0,1마리
물오징어,광주,2023-07,3541.0,1마리
물오징어,광주,2023-08,3711.0,1마리
물오징어,광주,2023-09,4337.5,1마리
물오징어,광주,2023-10,5233.0,1마리
물오징어,광주,2023-11,3915.0,1마리
물오징어,광주,2023-12,6841.0,1마리
물오징어,광주,2024-01,7089.0,1마리
물오징어,광주,2024-02,7668.0,1마리
물오징어,광주,2024-03,7536.0,1마리
물오징어,광주,2024-05,4798.0,1마리
물오징어,광주,2024-06,4368.0,1마리
물오징어,광주,2024-07,4678.0,1마리
물오징어,광주,2024-08,4320.0,1마리
물오징어,광주,2024-09,4863.0,1마리
물오징어,광주,2024-10,5461.5,1마리
물오징어,광주,2024-11,5605.0,1마리
물오징어,광주,2024-12,6470.0,1마리
물오징어,광주,2025-01,7241.0,1마리
물오징어,광주,2025-02,8413.0,1마리
물오징어,광주,2025-03,8352.0,1마리
물오징어,광주,2025-04,8000.0,1마리
물오징어,광주,2025-05,5990.0,1마리
물오징어,광주,2025-06,4875.0,1마리
물오징어,광주,2025-07,3784.0,1마리
물오징어,광주,2025-08,3541.0,1마리
물오징어,광주,2025-09,4294.5,1마리
물오징어,광주,2025-10,5533.0,1마리
물오징어,광주,2025-11,6064.0,1마리
물오징어,광주,2025-12,8000.0,1마리
물오징어,광주,2026-01,7087.0,1마리
물오징어,광주,2026-02,7657.0,1마리
물오징어,광주,2026-03,7660.0,1마리
물오징어,광주,2026-06,3990.0,1마리
물오징어,광주,2026-07,4044.0,1마리
물오징어,전국,2024-01,4194.11,마리
물오징어,전국,2024-02,4440.89,마리
물오징어,전국,2024-03,4744.04,마리
물오징어,전국,2024-04,4118.44,마리
물오징어,전국,2024-05,4764.55,마리
물오징어,전국,2024-06,4413.84,마리
물오징어,전국,2024-07,4366.55,마리
물오징어,전국,2024-08,4462.06,마리
물오징어,전국,2024-09,4737.37,마리
물오징어,전국,2024-10,5365.77,마리
물오징어,전국,2024-11,5680.7,마리
물오징어,전국,2024-12,5495.44,마리
미나리,전국,2024-01,1745.23,g
미나리,전국,2024-02,1971.41,g
미나리,전국,2024-03,1676.65,g
미나리,전국,2024-04,1468.61,g
미나리,전국,2024-05,1351.5,g
미나리,전국,2024-06,1298.55,g
미나리,전국,2024-07,1467.7,g
미나리,전국,2024-08,1810.76,g
미나리,전국,2024-09,2141.84,g
미나리,전국,2024-10,1948.4,g
미나리,전국,2024-11,1576.96,g
미나리,전국,2024-12,1706.68,g
바나나,전국,2024-01,305.02,g
바나나,전국,2024-02,310.32,g
바나나,전국,2024-03,303.81,g
바나나,전국,2024-04,273.82,g
바나나,전국,2024-05,246.47,g
바나나,전국,2024-06,258.19,g
바나나,전국,2024-07,256.44,g
바나나,전국,2024-08,260.35,g
바나나,전국,2024-09,297.89,g
바나나,전국,2024-10,275.79,g
바나나,전국,2024-11,273.34,g
바나나,전국,2024-12,258.88,g
바지락,광주,2025-04,9599.0,1kg
바지락,광주,2025-05,13268.0,1kg
바지락,광주,2025-06,11665.0,1kg
바지락,광주,2025-07,10497.0,1kg
바지락,광주,2025-08,9927.0,1kg
바지락,광주,2025-09,10317.0,1kg
바지락,광주,2025-10,9982.0,1kg
바지락,광주,2025-11,9149.0,1kg
바지락,광주,2025-12,9712.0,1kg
바지락,광주,2026-01,8983.0,1kg
바지락,광주,2026-02,9605.0,1kg
바지락,광주,2026-03,9597.0,1kg
바지락,광주,2026-04,11706.0,1kg
바지락,광주,2026-05,10025.0,1kg
바지락,광주,2026-06,9838.0,1kg
바지락,광주,2026-07,9249.0,1kg
방울토마토,전국,2024-01,11448.65,kg
방울토마토,전국,2024-02,12920.3,kg
방울토마토,전국,2024-03,13906.52,kg
방울토마토,전국,2024-04,12408.99,kg
방울토마토,전국,2024-05,9826.94,kg
방울토마토,전국,2024-06,7949.25,kg
방울토마토,전국,2024-07,7687.09,kg
방울토마토,전국,2024-08,9016.76,kg
방울토마토,전국,2024-09,11088.93,kg
방울토마토,전국,2024-10,15013.67,kg
방울토마토,전국,2024-11,12985.4,kg
방울토마토,전국,2024-12,12302.68,kg
배,전국,2024-01,29268.35,개
배,전국,2024-02,32820.88,개
배,전국,2024-03,36981.4,개
배,전국,2024-04,39741.86,개
배,전국,2024-05,45331.74,개
배,전국,2024-06,56280.93,개
배,전국,2024-07,67010.54,개
배,전국,2024-08,44452.08,개
배,전국,2024-09,29212.81,개
배,전국,2024-10,26460.73,개
배,전국,2024-11,30121.76,개
배,전국,2024-12,34896.67,개
배추,광주,2021-01,3025.0,1포기
배추,광주,2021-02,3828.0,1포기
배추,광주,2021-03,4523.0,1포기
배추,광주,2021-04,5455.0,1포기
배추,광주,2021-05,3870.0,1포기
배추,광주,2021-06,3355.0,1포기
배추,광주,2021-07,3455.0,1포기
배추,광주,2021-08,4114.0,1포기
배추,광주,2021-09,5315.0,1포기
배추,광주,2021-10,4390.0,1포기
배추,광주,2021-11,4669.0,1포기
배추,광주,2021-12,3545.0,1포기
배추,광주,2022-01,3789.0,1포기
배추,광주,2022-02,3858.0,1포기
배추,광주,2022-03,4283.0,1포기
배추,광주,2022-04,5023.0,1포기
배추,광주,2022-05,4602.0,1포기
배추,광주,2022-06,3774.0,1포기
배추,광주,2022-07,5804.0,1포기
배추,광주,2022-08,6469.0,1포기
배추,광주,2022-09,8514.0,1포기
배추,광주,2022-10,5770.0,1포기
배추,광주,2022-11,3409.0,1포기
배추,광주,2022-12,2657.0,1포기
배추,광주,2023-01,2710.0,1포기
배추,광주,2023-02,2802.0,1포기
배추,광주,2023-03,3391.0,1포기
배추,광주,2023-04,3759.0,1포기
배추,광주,2023-05,3943.0,1포기
배추,광주,2023-06,3629.0,1포기
배추,광주,2023-07,3992.0,1포기
배추,광주,2023-08,5560.0,1포기
배추,광주,2023-09,5603.0,1포기
배추,광주,2023-10,6336.0,1포기
배추,광주,2023-11,2924.0,1포기
배추,광주,2023-12,3190.0,1포기
배추,광주,2024-01,3090.0,1포기
배추,광주,2024-02,3599.0,1포기
배추,광주,2024-03,3656.0,1포기
배추,광주,2024-04,4331.0,1포기
배추,광주,2024-05,3826.0,1포기
배추,광주,2024-06,3608.0,1포기
배추,광주,2024-07,5040.0,1포기
배추,광주,2024-08,6747.0,1포기
배추,광주,2024-09,7969.0,1포기
배추,광주,2024-10,8360.0,1포기
배추,광주,2024-11,3440.0,1포기
배추,광주,2024-12,4432.0,1포기
배추,광주,2025-01,4666.0,1포기
배추,광주,2025-02,5006.0,1포기
배추,광주,2025-03,5804.0,1포기
배추,광주,2025-04,5723.0,1포기
배추,광주,2025-05,3851.0,1포기
배추,광주,2025-06,3143.0,1포기
배추,광주,2025-07,4519.0,1포기
배추,광주,2025-08,6899.0,1포기
배추,광주,2025-09,6478.0,1포기
배추,광주,2025-10,6016.0,1포기
배추,광주,2025-11,3620.0,1포기
배추,광주,2025-12,4918.0,1포기
배추,광주,2026-01,4990.0,1포기
배추,광주,2026-02,5053.0,1포기
배추,광주,2026-03,4920.0,1포기
배추,광주,2026-04,4538.0,1포기
배추,광주,2026-05,3698.0,1포기
배추,광주,2026-06,3943.0,1포기
배추,광주,2026-07,3778.0,1포기
배추,전국,2024-01,3050.74,포기
배추,전국,2024-02,3226.16,포기
배추,전국,2024-03,3648.03,포기
배추,전국,2024-04,4299.7,포기
배추,전국,2024-05,3813.66,포기
배추,전국,2024-06,3396.11,포기
배추,전국,2024-07,4623.29,포기
배추,전국,2024-08,6188.64,포기
배추,전국,2024-09,7926.72,포기
배추,전국,2024-10,7391.3,포기
배추,전국,2024-11,4048.19,포기
배추,전국,2024-12,3934.01,포기
복숭아,전국,2024-07,17397.53,개
복숭아,전국,2024-08,17495.96,개
복숭아,전국,2024-09,21886.05,개
붉은고추,전국,2024-01,1374.79,g
붉은고추,전국,2024-02,1448.09,g
붉은고추,전국,2024-03,2081.86,g
붉은고추,전국,2024-04,2536.19,g
붉은고추,전국,2024-05,2664.84,g
붉은고추,전국,2024-06,2118.5,g
붉은고추,전국,2024-07,1874.65,g
붉은고추,전국,2024-08,1855.3,g
붉은고추,전국,2024-09,2059.19,g
붉은고추,전국,2024-10,2591.6,g
붉은고추,전국,2024-11,2466.18,g
붉은고추,전국,2024-12,3213.26,g
브로콜리,전국,2024-01,1775.14,개
브로콜리,전국,2024-02,2131.14,개
브로콜리,전국,2024-03,2688.74,개
브로콜리,전국,2024-04,3961.96,개
브로콜리,전국,2024-05,2152.51,개
브로콜리,전국,2024-06,1878.06,개
브로콜리,전국,2024-07,2021.7,개
브로콜리,전국,2024-08,2538.3,개
브로콜리,전국,2024-09,3975.91,개
브로콜리,전국,2024-10,4314.72,개
브로콜리,전국,2024-11,3108.22,개
브로콜리,전국,2024-12,2439.38,개
사과,전국,2024-01,24945.64,개
사과,전국,2024-02,25351.14,개
사과,전국,2024-03,24151.57,개
사과,전국,2024-04,22825.07,개
사과,전국,2024-05,27478.16,개
사과,전국,2024-06,29187.91,개
사과,전국,2024-07,23938.71,개
사과,전국,2024-08,21670.34,개
사과,전국,2024-09,22232.78,개
사과,전국,2024-10,20906.45,개
사과,전국,2024-11,20241.69,개
사과,전국,2024-12,22580.01,개
상추,전국,2024-01,1214.94,g
상추,전국,2024-02,1154.25,g
상추,전국,2024-03,977.21,g
상추,전국,2024-04,828.65,g
상추,전국,2024-05,837.72,g
상추,전국,2024-06,905.7,g
상추,전국,2024-07,1678.45,g
상추,전국,2024-08,2284.62,g
상추,전국,2024-09,2285.1,g
상추,전국,2024-10,2284.66,g
상추,전국,2024-11,1517.07,g
상추,전국,2024-12,1073.38,g
새송이버섯,전국,2024-01,542.53,g
새송이버섯,전국,2024-02,586.49,g
새송이버섯,전국,2024-03,553.9,g
새송이버섯,전국,2024-04,549.45,g
새송이버섯,전국,2024-05,540.38,g
새송이버섯,전국,2024-06,530.45,g
새송이버섯,전국,2024-07,513.72,g
새송이버섯,전국,2024-08,517.11,g
새송이버섯,전국,2024-09,562.91,g
새송이버섯,전국,2024-10,555.93,g
새송이버섯,전국,2024-11,534.29,g
새송이버섯,전국,2024-12,526.57,g
새우,전국,2024-01,4953.16,마리
새우,전국,2024-02,4863.27,마리
새우,전국,2024-03,4923.1,마리
새우,전국,2024-04,4642.66,마리
새우,전국,2024-05,4652.92,마리
새우,전국,2024-06,4806.38,마리
새우,전국,2024-07,4932.01,마리
새우,전국,2024-08,4935.86,마리
새우,전국,2024-09,4839.42,마리
새우,전국,2024-10,4963.76,마리
새우,전국,2024-11,4787.3,마리
새우,전국,2024-12,4770.1,마리
새우젓,전국,2024-01,14979.34,kg
새우젓,전국,2024-02,15246.98,kg
새우젓,전국,2024-03,15181.81,kg
새우젓,전국,2024-04,15295.66,kg
새우젓,전국,2024-05,15101.1,kg
새우젓,전국,2024-06,15073.88,kg
새우젓,전국,2024-07,15137.71,kg
새우젓,전국,2024-08,15263.21,kg
새우젓,전국,2024-09,15393.12,kg
새우젓,전국,2024-10,15223.03,kg
새우젓,전국,2024-11,14356.3,kg
새우젓,전국,2024-12,14863.92,kg
생강,전국,2024-01,15546.62,kg
생강,전국,2024-02,15689.52,kg
생강,전국,2024-03,15902.11,kg
생강,전국,2024-04,16076.39,kg
생강,전국,2024-05,16066.44,kg
생강,전국,2024-06,15920.4,kg
생강,전국,2024-07,16100.36,kg
생강,전국,2024-08,15718.75,kg
생강,전국,2024-09,15491.31,kg
생강,전국,2024-10,13638.5,kg
생강,전국,2024-11,9392.64,kg
생강,전국,2024-12,10760.48,kg
수박,전국,2024-01,24779.65,개
수박,전국,2024-02,30085.42,개
수박,전국,2024-03,30091.3,개
수박,전국,2024-04,28235.54,개
수박,전국,2024-05,22272.89,개
수박,전국,2024-06,19893.03,개
수박,전국,2024-07,21184.39,개
수박,전국,2024-08,28358.03,개
수박,전국,2024-09,25814.15,개
수박,전국,2024-10,24534.19,개
수박,전국,2024-11,24639.61,개
수박,전국,2024-12,25173.7,개
수입조기,전국,2024-01,3926.72,마리
수입조기,전국,2024-02,3913.16,마리
수입조기,전국,2024-03,3867.49,마리
수입조기,전국,2024-04,3829.83,마리
수입조기,전국,2024-05,3866.65,마리
수입조기,전국,2024-06,3817.16,마리
수입조기,전국,2024-07,3836.17,마리
수입조기,전국,2024-08,3848.99,마리
수입조기,전국,2024-09,3818.0,마리
수입조기,전국,2024-10,3823.03,마리
수입조기,전국,2024-11,3818.48,마리
수입조기,전국,2024-12,3810.22,마리
시금치,광주,2021-01,720.0,100g
시금치,광주,2021-02,795.0,100g
시금치,광주,2021-03,617.0,100g
시금치,광주,2021-04,651.0,100g
시금치,광주,2021-05,726.0,100g
시금치,광주,2021-06,806.0,100g
시금치,광주,2021-07,1141.0,100g
시금치,광주,2021-08,3322.0,100g
시금치,광주,2021-09,1852.0,100g
시금치,광주,2021-10,1102.0,100g
시금치,광주,2021-11,1018.0,100g
시금치,광주,2021-12,772.0,100g
시금치,광주,2022-01,779.0,100g
시금치,광주,2022-02,864.0,100g
시금치,광주,2022-03,861.0,100g
시금치,광주,2022-04,805.0,100g
시금치,광주,2022-05,890.0,100g
시금치,광주,2022-06,1037.0,100g
시금치,광주,2022-07,2030.0,100g
시금치,광주,2022-08,2387.0,100g
시금치,광주,2022-09,2154.0,100g
시금치,광주,2022-10,1122.0,100g
시금치,광주,2022-11,863.0,100g
시금치,광주,2022-12,682.0,100g
시금치,광주,2023-01,835.0,100g
시금치,광주,2023-02,871.0,100g
시금치,광주,2023-03,817.0,100g
시금치,광주,2023-04,681.0,100g
시금치,광주,2023-05,800.0,100g
시금치,광주,2023-06,937.0,100g
시금치,광주,2023-07,1648.0,100g
시금치,광주,2023-08,2334.0,100g
시금치,광주,2023-09,2588.0,100g
시금치,광주,2023-10,1636.0,100g
시금치,광주,2023-11,938.0,100g
시금치,광주,2023-12,789.0,100g
시금치,광주,2024-01,832.0,100g
시금치,광주,2024-02,1136.0,100g
시금치,광주,2024-03,808.0,100g
시금치,광주,2024-04,651.0,100g
시금치,광주,2024-05,709.0,100g
시금치,광주,2024-06,921.0,100g
시금치,광주,2024-07,1698.0,100g
시금치,광주,2024-08,3397.0,100g
시금치,광주,2024-09,4493.0,100g
시금치,광주,2024-10,1994.0,100g
시금치,광주,2024-11,1030.0,100g
시금치,광주,2024-12,926.0,100g
시금치,광주,2025-01,1019.0,100g
시금치,광주,2025-02,1169.0,100g
시금치,광주,2025-03,877.0,100g
시금치,광주,2025-04,773.0,100g
시금치,광주,2025-05,727.0,100g
시금치,광주,2025-06,841.0,100g
시금치,광주,2025-07,1750.0,100g
시금치,광주,2025-08,2374.0,100g
시금치,광주,2025-09,2662.0,100g
시금치,광주,2025-10,1569.0,100g
시금치,광주,2025-11,1351.0,100g
시금치,광주,2025-12,959.0,100g
시금치,광주,2026-01,1075.0,100g
시금치,광주,2026-02,1097.0,100g
시금치,광주,2026-03,1001.0,100g
시금치,광주,2026-04,832.0,100g
시금치,광주,2026-05,653.0,100g
시금치,광주,2026-06,687.0,100g
시금치,광주,2026-07,895.0,100g
시금치,전국,2024-01,842.41,g
시금치,전국,2024-02,1128.24,g
시금치,전국,2024-03,733.35,g
시금치,전국,2024-04,700.83,g
시금치,전국,2024-05,689.74,g
시금치,전국,2024-06,804.52,g
시금치,전국,2024-07,1480.94,g
시금치,전국,2024-08,2756.08,g
시금치,전국,2024-09,3731.87,g
시금치,전국,2024-10,1667.27,g
시금치,전국,2024-11,977.09,g
시금치,전국,2024-12,932.29,g
쌀,전국,2024-01,43285.63,kg
쌀,전국,2024-02,42489.07,kg
쌀,전국,2024-03,40506.92,kg
쌀,전국,2024-04,39542.22,kg
쌀,전국,2024-05,40988.5,kg
쌀,전국,2024-06,41105.29,kg
쌀,전국,2024-07,40608.87,kg
쌀,전국,2024-08,39423.52,kg
쌀,전국,2024-09,31385.76,kg
쌀,전국,2024-10,40302.42,kg
쌀,전국,2024-11,41669.33,kg
쌀,전국,2024-12,41494.15,kg
아몬드,전국,2024-01,1550.56,g
아몬드,전국,2024-02,1589.13,g
아몬드,전국,2024-03,1531.53,g
아몬드,전국,2024-04,1551.84,g
아몬드,전국,2024-05,1516.2,g
아몬드,전국,2024-06,1511.15,g
아몬드,전국,2024-07,1562.12,g
아몬드,전국,2024-08,1578.3,g
아몬드,전국,2024-09,1618.02,g
아몬드,전국,2024-10,1497.48,g
아몬드,전국,2024-11,1531.44,g
아몬드,전국,2024-12,1593.1,g
아보카도,전국,2024-01,2059.4,개
아보카도,전국,2024-02,2109.28,개
아보카도,전국,2024-03,2171.7,개
아보카도,전국,2024-04,2191.17,개
아보카도,전국,2024-05,2144.34,개
아보카도,전국,2024-06,2100.77,개
아보카도,전국,2024-07,2043.92,개
아보카도,전국,2024-08,1797.9,개
아보카도,전국,2024-09,2184.16,개
아보카도,전국,2024-10,2251.1,개
아보카도,전국,2024-11,2166.82,개
아보카도,전국,2024-12,2178.57,개
알배기배추,전국,2024-01,2359.0,포기
알배기배추,전국,2024-02,2525.48,포기
알배기배추,전국,2024-03,3038.74,포기
알배기배추,전국,2024-04,3501.03,포기
알배기배추,전국,2024-05,2502.34,포기
알배기배추,전국,2024-06,1906.85,포기
알배기배추,전국,2024-07,2580.46,포기
알배기배추,전국,2024-08,3482.28,포기
알배기배추,전국,2024-09,4632.96,포기
알배기배추,전국,2024-10,4413.05,포기
알배기배추,전국,2024-11,2881.68,포기
알배기배추,전국,2024-12,2274.75,포기
양배추,전국,2024-01,3531.53,포기
양배추,전국,2024-02,3421.74,포기
양배추,전국,2024-03,3777.16,포기
양배추,전국,2024-04,4838.26,포기
양배추,전국,2024-05,5449.05,포기
양배추,전국,2024-06,4310.64,포기
양배추,전국,2024-07,3442.04,포기
양배추,전국,2024-08,3840.21,포기
양배추,전국,2024-09,3945.12,포기
양배추,전국,2024-10,4369.55,포기
양배추,전국,2024-11,4650.48,포기
양배추,전국,2024-12,4492.09,포기
양파,전국,2024-01,2244.43,kg
양파,전국,2024-02,2163.13,kg
양파,전국,2024-03,2549.06,kg
양파,전국,2024-04,2640.22,kg
양파,전국,2024-05,1901.34,kg
양파,전국,2024-06,1970.95,kg
양파,전국,2024-07,1817.28,kg
양파,전국,2024-08,1805.39,kg
양파,전국,2024-09,2128.32,kg
양파,전국,2024-10,1905.67,kg
양파,전국,2024-11,1897.91,kg
양파,전국,2024-12,2112.43,kg
얼갈이배추,전국,2024-01,3717.13,kg
얼갈이배추,전국,2024-02,3997.13,kg
얼갈이배추,전국,2024-03,3828.92,kg
얼갈이배추,전국,2024-04,3203.52,kg
얼갈이배추,전국,2024-05,2767.72,kg
얼갈이배추,전국,2024-06,2472.51,kg
얼갈이배추,전국,2024-07,3649.46,kg
얼갈이배추,전국,2024-08,4685.43,kg
얼갈이배추,전국,2024-09,5086.86,kg
얼갈이배추,전국,2024-10,4349.81,kg
얼갈이배추,전국,2024-11,3501.95,kg
얼갈이배추,전국,2024-12,2960.11,kg
열무,전국,2024-01,7415.11,kg
열무,전국,2024-02,5604.52,kg
열무,전국,2024-03,3575.91,kg
열무,전국,2024-04,3163.02,kg
열무,전국,2024-05,2911.45,kg
열무,전국,2024-06,2483.88,kg
열무,전국,2024-07,3775.08,kg
열무,전국,2024-08,4685.22,kg
열무,전국,2024-09,5047.65,kg
열무,전국,2024-10,4379.22,kg
열무,전국,2024-11,3694.33,kg
열무,전국,2024-12,2996.28,kg
오렌지,전국,2024-01,16838.08,개
오렌지,전국,2024-02,16697.92,개
오렌지,전국,2024-03,15233.44,개
오렌지,전국,2024-04,13755.6,개
오렌지,전국,2024-05,13765.65,개
오렌지,전국,2024-06,15380.53,개
오렌지,전국,2024-07,13790.28,개
오렌지,전국,2024-08,13353.28,개
오렌지,전국,2024-09,14373.98,개
오렌지,전국,2024-10,14529.27,개
오렌지,전국,2024-11,16143.77,개
오이,전국,2024-01,16673.29,개
오이,전국,2024-02,18052.01,개
오이,전국,2024-03,15460.45,개
오이,전국,2024-04,11094.67,개
오이,전국,2024-05,8325.55,개
오이,전국,2024-06,7083.66,개
오이,전국,2024-07,11572.08,개
오이,전국,2024-08,13803.14,개
오이,전국,2024-09,14624.27,개
오이,전국,2024-10,15255.64,개
오이,전국,2024-11,15804.62,개
오이,전국,2024-12,15344.83,개
전복,광주,2021-01,13928.0,5마리
전복,광주,2021-02,14354.0,5마리
전복,광주,2021-03,13538.0,5마리
전복,광주,2021-04,14473.0,5마리
전복,광주,2021-05,14218.0,5마리
전복,광주,2021-06,13551.0,5마리
전복,광주,2021-07,13566.0,5마리
전복,광주,2021-08,13544.0,5마리
전복,광주,2021-09,14071.0,5마리
전복,광주,2021-10,14812.0,5마리
전복,광주,2021-11,14967.0,5마리
전복,광주,2021-12,16185.0,5마리
전복,광주,2022-01,16151.0,5마리
전복,광주,2022-02,16255.0,5마리
전복,광주,2022-03,16235.0,5마리
전복,광주,2022-04,16366.0,5마리
전복,광주,2022-05,17394.0,5마리
전복,광주,2022-06,16872.0,5마리
전복,광주,2022-07,17173.0,5마리
전복,광주,2022-08,18081.0,5마리
전복,광주,2022-09,17055.0,5마리
전복,광주,2022-10,17587.0,5마리
전복,광주,2022-11,17189.0,5마리
전복,광주,2022-12,19199.0,5마리
전복,광주,2023-01,18093.0,5마리
전복,광주,2023-02,18145.0,5마리
전복,광주,2023-03,15418.0,5마리
전복,광주,2023-04,14406.0,5마리
전복,광주,2023-05,14860.0,5마리
전복,광주,2023-06,14264.0,5마리
전복,광주,2023-07,12729.0,5마리
전복,광주,2023-08,13093.0,5마리
전복,광주,2023-09,13483.0,5마리
전복,광주,2023-10,11990.0,5마리
전복,광주,2023-11,12450.0,5마리
전복,광주,2023-12,13091.0,5마리
전복,광주,2024-01,14333.0,5마리
전복,광주,2024-02,14886.0,5마리
전복,광주,2024-03,13019.0,5마리
전복,광주,2024-04,12932.0,5마리
전복,광주,2024-05,13017.0,5마리
전복,광주,2024-06,13160.0,5마리
전복,광주,2024-07,12160.0,5마리
전복,광주,2024-08,13091.0,5마리
전복,광주,2024-09,14069.0,5마리
전복,광주,2024-10,14100.0,5마리
전복,광주,2024-11,14036.0,5마리
전복,광주,2024-12,13010.0,5마리
전복,광주,2025-01,13837.0,5마리
전복,광주,2025-02,12908.0,5마리
전복,광주,2025-03,13148.0,5마리
전복,광주,2025-04,12407.0,5마리
전복,광주,2025-05,11675.0,5마리
전복,광주,2025-06,13596.0,5마리
전복,광주,2025-07,12570.0,5마리
전복,광주,2025-08,10437.0,5마리
전복,광주,2025-09,11249.0,5마리
전복,광주,2025-10,10562.0,5마리
전복,광주,2025-11,10653.0,5마리
전복,광주,2025-12,10297.0,5마리
전복,광주,2026-01,11955.0,5마리
전복,광주,2026-02,11286.0,5마리
전복,광주,2026-03,11671.0,5마리
전복,광주,2026-04,9911.0,5마리
전복,광주,2026-05,10055.0,5마리
전복,광주,2026-06,11119.0,5마리
전복,광주,2026-07,9299.0,5마리
전복,전국,2024-01,13475.56,마리
전복,전국,2024-02,13901.75,마리
전복,전국,2024-03,12187.38,마리
전복,전국,2024-04,12388.81,마리
전복,전국,2024-05,12372.96,마리
전복,전국,2024-06,12329.76,마리
전복,전국,2024-07,11259.28,마리
전복,전국,2024-08,12197.41,마리
전복,전국,2024-09,12974.18,마리
전복,전국,2024-10,13134.96,마리
전복,전국,2024-11,12808.82,마리
전복,전국,2024-12,12753.59,마리
절임배추,전국,2024-10,54802.58,kg
절임배추,전국,2024-11,52832.66,kg
절임배추,전국,2024-12,59293.65,kg
조기,광주,2022-10,1290.0,1마리
조기,광주,2022-11,1350.0,1마리
조기,광주,2024-10,1430.0,1마리
조기,광주,2024-11,1272.0,1마리
조기,광주,2024-12,1271.0,1마리
조기,광주,2025-01,1324.0,1마리
조기,광주,2025-09,1178.0,1마리
조기,광주,2025-10,1359.0,1마리
조기,광주,2025-11,1320.0,1마리
조기,광주,2025-12,1320.5,1마리
조기,광주,2026-01,1372.0,1마리
조기,전국,2024-01,1480.58,마리
조기,전국,2024-02,1684.07,마리
조기,전국,2024-03,1257.03,마리
조기,전국,2024-04,2139.29,마리
조기,전국,2024-05,1458.89,마리
조기,전국,2024-06,1674.02,마리
조기,전국,2024-07,1646.64,마리
조기,전국,2024-08,1753.15,마리
조기,전국,2024-09,1794.03,마리
조기,전국,2024-10,1713.46,마리
조기,전국,2024-11,1704.59,마리
조기,전국,2024-12,1735.14,마리
즉석밥,전국,2024-01,10451.45,묶음
즉석밥,전국,2024-02,10215.48,묶음
즉석밥,전국,2024-03,10074.83,묶음
즉석밥,전국,2024-04,10305.78,묶음
즉석밥,전국,2024-05,9419.97,묶음
즉석밥,전국,2024-06,10127.68,묶음
즉석밥,전국,2024-07,9365.11,묶음
즉석밥,전국,2024-08,9705.77,묶음
즉석밥,전국,2024-09,9707.65,묶음
즉석밥,전국,2024-10,10021.09,묶음
즉석밥,전국,2024-11,9861.37,묶음
즉석밥,전국,2024-12,9887.9,묶음
참깨,전국,2024-01,10890.28,g
참깨,전국,2024-02,10884.3,g
참깨,전국,2024-03,10874.65,g
참깨,전국,2024-04,10804.12,g
참깨,전국,2024-05,10820.03,g
참깨,전국,2024-06,10931.63,g
참깨,전국,2024-07,11029.03,g
참깨,전국,2024-08,11170.78,g
참깨,전국,2024-09,11206.0,g
참깨,전국,2024-10,11155.3,g
참깨,전국,2024-11,11174.92,g
참깨,전국,2024-12,11476.6,g
참다래,전국,2024-01,9128.58,개
참다래,전국,2024-02,8907.59,개
참다래,전국,2024-03,8929.92,개
참다래,전국,2024-04,9984.86,개
참다래,전국,2024-06,9708.2,개
참다래,전국,2024-07,9564.34,개
참다래,전국,2024-08,9342.55,개
참다래,전국,2024-09,8824.35,개
참다래,전국,2024-10,8491.54,개
참다래,전국,2024-11,8337.71,개
참다래,전국,2024-12,8071.47,개
참외,전국,2024-03,26819.67,개
참외,전국,2024-04,27830.15,개
참외,전국,2024-05,20466.16,개
참외,전국,2024-06,15974.86,개
참외,전국,2024-07,13142.45,개
참외,전국,2024-08,18667.81,개
참외,전국,2024-09,21416.53,개
찹쌀,전국,2024-01,3759.67,kg
찹쌀,전국,2024-02,3759.82,kg
찹쌀,전국,2024-03,3905.12,kg
찹쌀,전국,2024-04,3816.84,kg
찹쌀,전국,2024-05,3736.22,kg
찹쌀,전국,2024-06,3857.16,kg
찹쌀,전국,2024-07,3867.11,kg
찹쌀,전국,2024-08,3958.74,kg
찹쌀,전국,2024-09,3954.59,kg
찹쌀,전국,2024-10,3984.02,kg
찹쌀,전국,2024-11,4288.99,kg
찹쌀,전국,2024-12,4588.68,kg
천일염,전국,2024-12,11033.19,kg
체리,전국,2024-01,2851.15,g
체리,전국,2024-02,2661.64,g
체리,전국,2024-03,2613.14,g
체리,전국,2024-04,2274.55,g
체리,전국,2024-05,2331.32,g
체리,전국,2024-06,2043.45,g
체리,전국,2024-07,1886.6,g
체리,전국,2024-08,1967.3,g
체리,전국,2024-09,3246.0,g
체리,전국,2024-10,3318.82,g
체리,전국,2024-11,3511.44,g
체리,전국,2024-12,3252.1,g
콩,전국,2024-01,4821.29,g
콩,전국,2024-02,5165.22,g
콩,전국,2024-03,5362.52,g
콩,전국,2024-04,5374.55,g
콩,전국,2024-05,5352.59,g
콩,전국,2024-06,5319.45,g
콩,전국,2024-07,5336.61,g
콩,전국,2024-08,5219.06,g
콩,전국,2024-09,5197.99,g
콩,전국,2024-10,5209.67,g
콩,전국,2024-11,5094.43,g
콩,전국,2024-12,5224.2,g
콩나물,전국,2024-01,2426.75,봉
콩나물,전국,2024-02,2486.87,봉
콩나물,전국,2024-03,2420.72,봉
콩나물,전국,2024-04,2176.65,봉
콩나물,전국,2024-05,2464.08,봉
콩나물,전국,2024-06,2424.52,봉
콩나물,전국,2024-07,2359.24,봉
콩나물,전국,2024-08,2439.19,봉
콩나물,전국,2024-09,2385.22,봉
콩나물,전국,2024-10,2358.8,봉
콩나물,전국,2024-11,2355.51,봉
콩나물,전국,2024-12,2385.12,봉
토마토,전국,2024-01,7108.6,kg
토마토,전국,2024-02,8707.22,kg
토마토,전국,2024-03,7917.9,kg
토마토,전국,2024-04,7074.85,kg
토마토,전국,2024-05,5677.5,kg
토마토,전국,2024-06,4424.57,kg
토마토,전국,2024-07,4418.52,kg
토마토,전국,2024-08,5401.12,kg
토마토,전국,2024-09,8139.88,kg
토마토,전국,2024-10,11524.45,kg
토마토,전국,2024-11,9083.6,kg
토마토,전국,2024-12,8067.89,kg
파,광주,2021-01,4435.0,1kg
파,광주,2021-02,6679.0,1kg
파,광주,2021-03,7148.0,1kg
파,광주,2021-04,6118.0,1kg
파,광주,2021-05,4359.0,1kg
파,광주,2021-06,2770.0,1kg
파,광주,2021-07,2019.0,1kg
파,광주,2021-08,2323.0,1kg
파,광주,2021-09,2670.0,1kg
파,광주,2021-10,2820.0,1kg
파,광주,2021-11,3069.0,1kg
파,광주,2021-12,3251.0,1kg
파,광주,2022-01,2941.0,1kg
파,광주,2022-02,2893.0,1kg
파,광주,2022-03,3096.0,1kg
파,광주,2022-04,2813.0,1kg
파,광주,2022-05,2798.0,1kg
파,광주,2022-06,3208.0,1kg
파,광주,2022-07,2979.0,1kg
파,광주,2022-08,3372.0,1kg
파,광주,2022-09,3461.0,1kg
파,광주,2022-10,3304.0,1kg
파,광주,2022-11,3379.0,1kg
파,광주,2022-12,3292.0,1kg
파,광주,2023-01,3449.0,1kg
파,광주,2023-02,3345.0,1kg
파,광주,2023-03,3415.0,1kg
파,광주,2023-04,2996.0,1kg
파,광주,2023-05,3190.0,1kg
파,광주,2023-06,3176.0,1kg
파,광주,2023-07,3605.0,1kg
파,광주,2023-08,4266.0,1kg
파,광주,2023-09,3757.0,1kg
파,광주,2023-10,4264.0,1kg
파,광주,2023-11,4108.0,1kg
파,광주,2023-12,4504.0,1kg
파,광주,2024-01,4508.0,1kg
파,광주,2024-02,4869.0,1kg
파,광주,2024-03,3517.0,1kg
파,광주,2024-04,2614.0,1kg
파,광주,2024-05,3108.0,1kg
파,광주,2024-06,2898.0,1kg
파,광주,2024-07,3212.0,1kg
파,광주,2024-08,3215.0,1kg
파,광주,2024-09,3730.0,1kg
파,광주,2024-10,3788.0,1kg
파,광주,2024-11,3391.0,1kg
파,광주,2024-12,4142.0,1kg
파,광주,2025-01,3673.0,1kg
파,광주,2025-02,4077.0,1kg
파,광주,2025-03,4110.0,1kg
파,광주,2025-04,3052.0,1kg
파,광주,2025-05,2523.0,1kg
파,광주,2025-06,2859.0,1kg
파,광주,2025-07,3091.0,1kg
파,광주,2025-08,3754.0,1kg
파,광주,2025-09,3461.0,1kg
파,광주,2025-10,3682.0,1kg
파,광주,2025-11,3469.0,1kg
파,광주,2025-12,3933.0,1kg
파,광주,2026-01,3715.0,1kg
파,광주,2026-02,3596.0,1kg
파,광주,2026-03,3830.0,1kg
파,광주,2026-04,3485.0,1kg
파,광주,2026-05,3399.0,1kg
파,광주,2026-06,3489.0,1kg
파,광주,2026-07,3360.0,1kg
파,전국,2024-01,5937.91,kg
파,전국,2024-02,5924.53,kg
파,전국,2024-03,4498.15,kg
파,전국,2024-04,3691.83,kg
파,전국,2024-05,4100.78,kg
파,전국,2024-06,4298.65,kg
파,전국,2024-07,5291.24,kg
파,전국,2024-08,2940.07,kg
파,전국,2024-09,3350.45,kg
파,전국,2024-10,3457.38,kg
파,전국,2024-11,3281.14,kg
파,전국,2024-12,3914.87,kg
파인애플,전국,2024-01,7423.18,개
파인애플,전국,2024-02,7625.49,개
파인애플,전국,2024-03,6462.78,개
파인애플,전국,2024-04,6355.83,개
파인애플,전국,2024-05,6570.85,개
파인애플,전국,2024-06,6917.62,개
파인애플,전국,2024-07,6465.07,개
파인애플,전국,2024-08,6650.37,개
파인애플,전국,2024-09,7664.19,개
파인애플,전국,2024-10,7446.9,개
파인애플,전국,2024-11,6298.33,개
파인애플,전국,2024-12,5859.69,개
파프리카,전국,2024-01,1762.11,g
파프리카,전국,2024-02,2226.02,g
파프리카,전국,2024-03,2004.64,g
파프리카,전국,2024-04,1791.81,g
파프리카,전국,2024-05,1373.55,g
파프리카,전국,2024-06,1202.16,g
파프리카,전국,2024-07,1069.6,g
파프리카,전국,2024-08,1541.03,g
파프리카,전국,2024-09,2090.22,g
파프리카,전국,2024-10,1959.28,g
파프리카,전국,2024-11,1747.43,g
파프리카,전국,2024-12,1715.41,g
팥,전국,2024-01,8157.39,g
팥,전국,2024-02,8554.73,g
팥,전국,2024-03,8928.14,g
팥,전국,2024-04,9170.67,g
팥,전국,2024-05,9271.79,g
팥,전국,2024-06,9885.93,g
팥,전국,2024-07,10216.45,g
팥,전국,2024-08,10416.18,g
팥,전국,2024-09,10415.77,g
팥,전국,2024-10,10427.87,g
팥,전국,2024-11,10600.39,g
팥,전국,2024-12,13256.92,g
팽이버섯,전국,2024-01,555.22,g
팽이버섯,전국,2024-02,582.69,g
팽이버섯,전국,2024-03,576.33,g
팽이버섯,전국,2024-04,596.91,g
팽이버섯,전국,2024-05,555.67,g
팽이버섯,전국,2024-06,553.74,g
팽이버섯,전국,2024-07,528.86,g
팽이버섯,전국,2024-08,532.67,g
팽이버섯,전국,2024-09,556.38,g
팽이버섯,전국,2024-10,569.54,g
팽이버섯,전국,2024-11,567.14,g
팽이버섯,전국,2024-12,556.22,g
포도,전국,2024-01,24522.41,kg
포도,전국,2024-02,27842.3,kg
포도,전국,2024-03,30583.1,kg
포도,전국,2024-04,34629.7,kg
포도,전국,2024-07,17262.36,kg
포도,전국,2024-08,18462.1,kg
포도,전국,2024-09,11639.88,kg
포도,전국,2024-10,9183.4,kg
포도,전국,2024-11,9792.29,kg
포도,전국,2024-12,14104.26,kg
풋고추,전국,2024-01,1538.59,g
풋고추,전국,2024-02,1922.77,g
풋고추,전국,2024-03,1806.05,g
풋고추,전국,2024-04,1328.65,g
풋고추,전국,2024-05,1096.64,g
풋고추,전국,2024-06,988.94,g
풋고추,전국,2024-07,1242.77,g
풋고추,전국,2024-08,1436.2,g
풋고추,전국,2024-09,1584.7,g
풋고추,전국,2024-10,1534.07,g
풋고추,전국,2024-11,1411.39,g
풋고추,전국,2024-12,1269.45,g
피망,전국,2024-01,1760.74,g
피망,전국,2024-02,2119.15,g
피망,전국,2024-03,1781.16,g
피망,전국,2024-04,1408.54,g
피망,전국,2024-05,1100.06,g
피망,전국,2024-06,1013.04,g
피망,전국,2024-07,1045.16,g
피망,전국,2024-08,1004.18,g
피망,전국,2024-09,1376.09,g
피망,전국,2024-10,1854.26,g
피망,전국,2024-11,2069.18,g
피망,전국,2024-12,1484.29,g
호두,전국,2024-01,1635.57,g
호두,전국,2024-02,1585.39,g
호두,전국,2024-03,1481.16,g
호두,전국,2024-04,1524.02,g
호두,전국,2024-05,1650.43,g
호두,전국,2024-06,1534.99,g
호두,전국,2024-07,1533.05,g
호두,전국,2024-08,1616.61,g
호두,전국,2024-09,1599.81,g
호두,전국,2024-10,1591.58,g
호두,전국,2024-11,1703.64,g
호두,전국,2024-12,1771.15,g
호박,전국,2024-01,2110.6,개
호박,전국,2024-02,2484.85,개
호박,전국,2024-03,2379.91,개
호박,전국,2024-04,1686.04,개
호박,전국,2024-05,1319.34,개
호박,전국,2024-06,1084.56,개
호박,전국,2024-07,1410.4,개
호박,전국,2024-08,1855.66,개
호박,전국,2024-09,2064.32,개
호박,전국,2024-10,2320.45,개
호박,전국,2024-11,2066.47,개
호박,전국,2024-12,1783.8,개
홍합,전국,2024-05,11316.92,g
홍합,전국,2024-06,2734.61,g
홍합,전국,2024-07,2645.88,g
홍합,전국,2024-08,2662.22,g
홍합,전국,2024-09,2680.24,g
홍합,전국,2024-10,2780.09,g
홍합,전국,2024-11,2847.2,g
홍합,전국,2024-12,2858.38,g
