market_name,sido,sigungu,address,lat,lng,num_stores,items,open_cycle,parking_p02,parking_p03,rest_area,kids_room,match_status
1913송정역시장(송정역전매일시장),광주,광산구,광주광역시 광산구 송정로 8번길 33,35.13555958,126.7915346,73,농산물+축산물+수산물+가공식품+신발+음식점,매일,Y,Y,Y,N,매칭완료
비아5일시장,광주,광산구,광주광역시 광산구 중앙로 26-1,35.22135885,126.8252669,49,농산물+축산물+수산물+가공식품+의류+신발+가정용품+음식점,1일+6일,Y,Y,Y,N,매칭완료
송정5일시장,광주,광산구,광주광역시 광산구 광산로30번길 65,35.13708297,126.7969059,147,농산물+축산물+수산물+가공식품+의류+신발+가정용품+음식점,3일+8일,Y,Y,Y,N,매칭완료
송정매일시장,광주,광산구,광주광역시 광산구 송정로 29번길 64,35.13745243,126.7968406,41,농산물+축산물+수산물+가공식품+의류+신발+가정용품+음식점,매일,Y,Y,N,N,매칭완료
우산매일시장,광주,광산구,광주광역시 광산구 우산로,35.16218922,126.8035258,44,농산물+축산물+수산물+가공식품+의류+신발+가정용품+음식점,매일,Y,Y,N,N,매칭완료
월곡시장,광주,광산구,광주광역시 광산구 월곡 사암로 300,35.17129717,126.8096437,67,농산물+축산물+수산물+가공식품+음식점,매일,Y,Y,N,N,매칭완료
무등시장,광주,남구,광주광역시 남구 군분로27,35.13592608,126.8945422,89,농산물+축산물+수산물+가공식품+의류+신발+가정용품+음식점,매일,Y,Y,Y,N,매칭완료
봉선시장,광주,남구,광주광역시 남구 봉선중앙로91번길 7 봉선동,35.12904439,126.9100112,48,농산물+축산물+수산물+가공식품+의류+가정용품+음식점,매일,Y,Y,Y,N,매칭완료
남광주시장,광주,동구,광주광역시 동구 제봉로17번길 18-6,35.13929961,126.9208082,197,농산물+축산물+수산물+가공식품+의류+신발+가정용품+음식점,매일,Y,Y,Y,N,매칭완료
남광주해뜨는시장,광주,동구,광주광역시 동구 제봉로17번길 13-6,35.13896721,126.9212584,50,농산물+축산물+수산물,매일,Y,Y,Y,N,매칭완료
대인시장,광주,동구,광주광역시 동구 제봉로194번길 10,35.15409833,126.917243,289,농산물+축산물+수산물+가공식품+의류+신발+가정용품+음식점,매일,Y,Y,Y,Y,매칭완료
산수시장,광주,동구,광주광역시 동구 필문대로192번길 17-1,35.15348435,126.929739,80,농산물+축산물+수산물+가공식품+의류+신발+가정용품+음식점+근린생활서비스,매일,N,N,N,N,매칭완료
동부시장,광주,북구,광주광역시 북구 중문로9번길 39,35.1738826,126.9163398,36,농산물+음식점+근린생활서비스,매일,Y,Y,Y,N,매칭완료
두암시장,광주,북구,광주광역시 북구 금녕길 23,35.17157442,126.9293831,26,농산물+축산물+수산물+가공식품,매일,Y,Y,Y,N,매칭완료
말바우시장,광주,북구,광주광역시 북구 동문대로97번길 55,35.1729756,126.9213684,441,농산물+축산물+수산물+음식점,2일+4일+7일+9일,Y,Y,Y,N,매칭완료
운암시장,광주,북구,광주광역시 북구 대자로 87,35.1733763,126.8820026,64,농산물+축산물+수산물+가공식품+의류+가정용품+음식점,매일,Y,Y,Y,N,매칭완료
중흥시장,광주,북구,광주광역시 북구 중흥로 154,35.1616112,126.9108534,51,농산물+축산물+수산물+가공식품+근린생활서비스,매일,N,N,N,N,매칭완료
광주양동시장,광주,서구,광주광역시 서구 천변좌로 238,35.15390747,126.9025538,116,농산물+축산물+수산물+가공식품+의류+신발+가정용품+음식점,매일,Y,Y,Y,Y,매칭완료
양동건어물시장,광주,서구,광주광역시 서구 천변좌로 254번길 6,35.15316871,126.9033339,64,가공식품+근린생활서비스,매일,Y,Y,N,N,매칭완료
양동경열로시장,광주,서구,광주광역시 서구 경열로 140-1,35.15367146,126.900842,75,농산물+축산물+수산물+가공식품+의류+신발+가정용품+음식점,매일,Y,Y,N,N,매칭완료
양동닭전길시장,광주,서구,광주광역시 서구 천변좌로 262번길 4,35.1528177,126.9039928,151,농산물+축산물+의류+신발+가정용품+음식점+근린생활서비스,매일,Y,Y,Y,N,매칭완료
양동복개상가,광주,서구,광주광역시 서구 천변좌로 243,35.15359895,126.903926,268,의류+신발+가정용품+음식점+근린생활서비스,매일,Y,Y,Y,N,매칭완료
양동산업용품시장,광주,서구,광주광역시 서구 독립로 205,35.15117026,126.9066176,135,근린생활서비스,매일,Y,Y,N,N,매칭완료
양동수산전통시장,광주,서구,광주광역시 서구 천변좌로 246번길 16,35.15323947,126.9016656,107,축산물+수산물+가공식품+음식점,매일,Y,Y,N,N,매칭완료
화정동서부시장,광주,서구,광주광역시 서구 화운로156번길 24-1,35.15303898,126.8792883,120,농산물+축산물+수산물+가공식품+의류+신발+가정용품+음식점,매일,Y,Y,N,N,매칭완료
강진읍시장,전남,강진군,전라남도 강진군 강진읍 동성리 시장길 19,34.64016086,126.7743152,93,농산물+축산물+수산물+가공식품+의류+신발+가정용품+음식점,4일+9일,Y,Y,Y,Y,매칭완료
마량시장,전남,강진군,전라남도 강진군 마량면 마량5길 11,34.45095924,126.8165817,40,농산물+축산물+수산물+가공식품+의류+신발+가정용품+음식점+근린생활서비스,3일+8일,Y,Y,Y,N,매칭완료
병영시장,전남,강진군,전라남도 강진군 병영면 남삼인길 6,34.71380066,126.8155558,14,농산물+수산물+가공식품+의류+신발+가정용품+음식점,3일+8일,Y,Y,Y,N,매칭완료
고흥전통시장,전남,고흥군,전라남도 고흥군 고흥읍 시장길 1,34.60835226,127.2866005,170,농산물+축산물+수산물+가공식품+의류+신발+가정용품+음식점,4일+9일,Y,Y,Y,N,매칭완료
과역전통시장,전남,고흥군,전라남도 고흥군 과역면 시장안길 15,34.67945419,127.3622537,31,농산물+축산물+수산물+가공식품+의류+신발+가정용품+음식점,5일+10일,Y,Y,N,N,매칭완료
녹동전통시장,전남,고흥군,전라남도 고흥군 도양읍 녹동남촌1길 24,34.52787689,127.13833,65,농산물+축산물+수산물,3일+8일,Y,Y,Y,N,매칭완료
도화전통시장,전남,고흥군,전라남도 고흥군 도화면 동신길 16-6,34.50979056,127.3218794,20,농산물+수산물,5일+10일,Y,Y,N,N,매칭완료
동강전통시장,전남,고흥군,전라남도 고흥군 원유둔4길 13-1,34.78037382,127.3349881,27,농산물+축산물+수산물+가공식품+의류+신발+가정용품+음식점,1일+6일,Y,Y,N,N,매칭완료
곡성기차마을전통시장,전남,곡성군,전라남도 곡성군 곡성로 856,35.27976851,127.2984376,123,농산물+축산물+수산물+가공식품+의류+신발+가정용품+음식점+근린생활서비스,3일+8일,Y,Y,Y,N,매칭완료
석곡전통시장,전남,곡성군,전라남도 곡성군 석곡면 석곡로 70,35.1329487,127.2540916,46,농산물+축산물+수산물+가정용품,5일+10일,Y,Y,N,N,매칭완료
옥과5일시장,전남,곡성군,전라남도 곡성군 옥과면 리문8길 14,35.2759017,127.1379523,44,농산물+축산물+수산물+의류+신발+가정용품+음식점,4일+9일,Y,Y,Y,N,매칭완료
광양5일시장,전남,광양시,전라남도 광양시 광양읍 백운로 3,34.97115451,127.5904463,97,농산물+축산물+수산물+가공식품+의류+신발+가정용품+음식점,1일+6일,Y,Y,Y,N,매칭완료
광영상설시장,전남,광양시,전라남도 광양시 광영동 광영시장길 19,34.96144871,127.7203625,42,농산물+축산물+수산물+가공식품+음식점,매일,Y,Y,N,N,매칭완료
옥곡5일시장,전남,광양시,전라남도 광양시 옥곡면 큰골1길 2-26,34.98850818,127.7002388,57,농산물+축산물+수산물+가공식품+의류+신발+가정용품+음식점,4일+9일,Y,Y,Y,N,매칭완료
중마시장,전남,광양시,전라남도 광양시 중마중앙로 88,34.93820196,127.6988477,79,농산물+축산물+수산물+가공식품+음식점,매일,Y,Y,Y,Y,매칭완료
구례5일시장,전남,구례군,전라남도 구례군 구례읍 5일시장작은길 20,35.21015279,127.4700811,168,농산물+축산물+수산물+가공식품+의류+신발+가정용품+음식점+근린생활서비스,3일+8일,Y,Y,Y,N,매칭완료
구례상설시장,전남,구례군,전라남도 구례군 구례읍 구례1길 45-6,35.20961971,127.465751,42,농산물+축산물+수산물+가공식품,매일,Y,Y,N,N,매칭완료
지리산나들이장터,전남,구례군,전라남도 구례군 산동면 지리산온천로 126,35.31147841,127.444496,22,농산물+가공식품+음식점+근린생활서비스,매일,Y,Y,N,N,매칭완료
공산5일시장,전남,나주시,전라남도 나주시 공산면 덕음로 3-1,34.94263855,126.6091667,15,농산물+수산물+가정용품,1일+6일,N,N,N,N,매칭완료
나주목사고을시장,전남,나주시,전라남도 나주시 청동길 14,35.03624663,126.7237639,125,농산물+축산물+수산물+가공식품+의류+신발+가정용품+음식점,4일+9일,Y,Y,Y,N,매칭완료
남평5일시장,전남,나주시,전라남도 나주시 지석로 21,35.04581389,126.8415451,38,농산물+수산물+가공식품+의류+신발+가정용품+음식점,1일+6일,Y,Y,Y,N,매칭완료
다시5일시장,전남,나주시,전라남도 나주시 다시로 168-72,35.01574218,126.635656,40,농산물+수산물+가공식품,3일+8일,Y,Y,N,N,매칭완료
영산포풍물시장,전남,나주시,전라남도 나주시 풍물시장2길 12-14,34.99199963,126.7072636,204,농산물+축산물+수산물+가공식품+신발+음식점,5일+10일,Y,Y,Y,N,매칭완료
창평전통시장,전남,담양군,전라남도 담양군 창평면 사동길 14-25,35.23810491,127.0149083,57,농산물+축산물+수산물+가공식품+가정용품+음식점,5일+10일,Y,Y,Y,N,매칭완료
동부시장,전남,목포시,전라남도 목포시 영산로257번길 15,34.80467356,126.3936914,268,농산물+축산물+수산물+가공식품+의류+신발+가정용품+음식점,매일,Y,Y,N,N,매칭완료
목포종합수산시장,전남,목포시,전라남도 목포시 해안로 265-4,34.7877699,126.3898749,140,수산물+가공식품+음식점,매일,Y,Y,Y,N,매칭완료
신중앙시장,전남,목포시,전라남도 목포시 원산중앙로 51,34.81025124,126.3775235,101,농산물+축산물+수산물+가공식품+의류+신발+가정용품+음식점,매일,Y,Y,N,N,매칭완료
자유시장,전남,목포시,전라남도 목포시 자유로 122,34.79292001,126.4030678,168,농산물+축산물+수산물+가공식품+의류+신발+가정용품+음식점,매일,Y,Y,Y,N,매칭완료
중앙식료시장,전남,목포시,전라남도 목포시 삼일로13번길 18-2,34.79403892,126.3817975,80,농산물+축산물+수산물+가공식품+의류+신발+가정용품+음식점,매일,Y,Y,Y,N,매칭완료
청호시장,전남,목포시,전라남도 목포시 석현로 28,34.81537749,126.4245916,202,농산물+축산물+수산물+가공식품+음식점,매일,Y,Y,Y,N,매칭완료
항동시장,전남,목포시,전라남도 목포시 수강로12번길 2,34.78600878,126.3856159,115,농산물+축산물+수산물+가공식품+의류+신발+가정용품+음식점,매일,Y,Y,N,N,매칭완료
무안전통시장,전남,무안군,전라남도 무안군 무안읍 승달로 11,34.99348251,126.4724295,65,농산물+축산물+수산물+가공식품+의류+신발+가정용품+음식점,4일+9일,Y,Y,Y,N,매칭완료
일로전통시장,전남,무안군,전라남도 무안군 시장길 11-22,34.84753364,126.4943339,56,농산물+축산물+수산물+가공식품+의류+신발+가정용품+음식점,1일+6일,Y,Y,Y,N,매칭완료
녹차골보성향토시장(보성읍5일시장),전남,보성군,전라남도 보성군 보성읍 현충로 42-1,34.76564839,127.0772384,99,농산물+축산물+수산물+가공식품+의류+신발+가정용품+음식점,2일+7일,Y,Y,Y,N,매칭완료
벌교매일시장,전남,보성군,전라남도 보성군 벌교읍 시장2길 10-41,34.84300877,127.3459893,83,농산물+축산물+수산물+가공식품+의류+신발+가정용품+음식점,매일,Y,Y,N,N,매칭완료
벌교전통시장,전남,보성군,전라남도 보성군 벌교읍 시장1길 10,34.84493134,127.3450789,49,농산물+축산물+수산물+가공식품+의류+신발+가정용품+음식점,4일+9일,Y,Y,N,N,매칭완료
보성매일시장,전남,보성군,전라남도 보성군 보성읍 신흥길 9,34.76817918,127.0806162,31,농산물+축산물+수산물+가공식품+가정용품+음식점,매일,Y,Y,N,N,매칭완료
복내5일시장,전남,보성군,전라남도 보성군 송재로 1838-12,34.89370035,127.1331421,25,농산물+수산물+가공식품+의류+신발+가정용품+음식점,4일+9일,Y,Y,N,N,매칭완료
조성5일시장,전남,보성군,전라남도 보성군 조성면 조성로 90-6,34.80647615,127.2452824,22,농산물,5일+10일,Y,Y,N,N,매칭완료
괴목시장,전남,순천시,전라남도 순천시 황전면 괴목길 17,35.10243423,127.4282445,48,농산물+축산물+수산물+가공식품+의류+신발+가정용품+음식점,4일+9일,Y,Y,N,N,매칭완료
순천시아랫장(순천아랫장),전남,순천시,전라남도 순천시 장평로 60,34.94514825,127.496084,206,농산물+축산물+수산물+가공식품+의류+신발+가정용품+음식점,2일+7일,Y,Y,Y,Y,매칭완료
승주시장,전남,순천시,전라남도 승주읍 승주장길 14,35.01315903,127.387664,18,농산물+수산물+가공식품+의류+신발+가정용품+음식점,1일+6일,Y,Y,N,N,매칭완료
역전시장,전남,순천시,전라남도 순천시 역전장길 9,34.94374833,127.5033333,170,농산물+축산물+수산물+가공식품+의류+신발+가정용품+음식점,매일,Y,Y,N,N,매칭완료
웃장,전남,순천시,전라남도 순천시 북문길 40,34.95864147,127.4850305,68,농산물+축산물+수산물+가공식품+의류+가정용품+음식점,5일+10일,Y,Y,Y,N,매칭완료
주암시장,전남,순천시,전라남도 순천시 주암호길 9,35.07598752,127.2352637,22,농산물+축산물+수산물+가공식품+의류+신발+가정용품,3일+8일,Y,Y,N,N,매칭완료
중앙시장,전남,순천시,전라남도 순천시 중앙시장길 18,34.95326194,127.4846047,50,농산물+축산물+수산물+가공식품+의류+신발+가정용품+음식점,매일,Y,Y,N,N,매칭완료
지도 전통시장,전남,신안군,전라남도 신안군 지도읍 읍내길 16-20,35.0588198,126.2069832,64,농산물+축산물+수산물+가공식품+의류+신발+가정용품+음식점,3일+8일,Y,Y,Y,N,매칭완료
(주)서시장,전남,여수시,전라남도 여수시 좌수영로 16-6,34.74178725,127.7286168,230,농산물+축산물+수산물+가공식품+의류+신발+가정용품+음식점+근린생활서비스,매일,Y,Y,Y,N,매칭완료
(주)여수수산시장,전남,여수시,전라남도 여수시 여객선터미널길 24,34.73813576,127.7317623,106,수산물+가공식품+음식점,매일,Y,Y,Y,N,매칭완료
교동시장,전남,여수시,전라남도 여수시 교동시장1길 17-6,34.73896529,127.730219,92,농산물+축산물+수산물+가공식품+음식점,매일,N,N,N,N,매칭완료
덕양시장,전남,여수시,전라남도 여수시 소라면 하세동길 7,34.79802722,127.6314434,15,음식점,매일,Y,Y,N,N,매칭완료
도깨비시장,전남,여수시,전라남도 여수시 학동서5길 18,34.76331689,127.6565415,121,농산물+축산물+수산물+가공식품+의류+신발+가정용품+음식점+근린생활서비스,매일,Y,Y,N,N,매칭완료
쌍봉시장,전남,여수시,전라남도 여수시 학동2길 7,34.76414545,127.6649804,25,농산물+축산물+수산물+가공식품+의류+가정용품+음식점+근린생활서비스,매일,Y,Y,N,N,매칭완료
여수서시장주변시장,전남,여수시,전라남도 여수시 중앙로 3-2,34.74075239,127.7283238,245,농산물+축산물+가공식품+의류,4일+9일,Y,Y,N,N,매칭완료
여수수산물특화시장,전남,여수시,전라남도 여수시 남산로 60-31,34.73683093,127.7328973,131,수산물+음식점,매일,Y,Y,N,Y,매칭완료
제일시장,전남,여수시,전라남도 여수시 학동2길 7-4,34.76419231,127.6646531,61,농산물+수산물+가공식품+가정용품+음식점,매일,Y,Y,N,N,매칭완료
중앙선어시장,전남,여수시,전라남도 여수시 중앙로 88-1,34.73942888,127.7370587,78,수산물,매일,Y,Y,N,N,매칭완료
중앙시장,전남,여수시,전라남도 여수시 중앙로 43,34.74059178,127.7325592,114,가공식품+의류+신발+가정용품+음식점+근린생활서비스,매일,Y,Y,Y,N,매칭완료
진남시장,전남,여수시,전라남도 여수시 학동1길 10,34.76425827,127.6641294,116,농산물+축산물+수산물+가공식품+의류+신발+가정용품+음식점+근린생활서비스,매일,Y,Y,N,N,매칭완료
해안로건어물상가시장,전남,여수시,전라남도 여수시 교동남2길 14,34.73953431,127.7345263,35,수산물+가공식품,매일,Y,Y,N,N,매칭완료
굴비골영광시장(구 영광매일시장),전남,영광군,전라남도 영광군 영광읍 중앙로3길 5-22,35.27513263,126.5123207,66,농산물+축산물+수산물+가공식품+의류+가정용품+음식점,매일,Y,Y,Y,Y,매칭완료
영광고추특화시장,전남,영광군,전라남도 영광군 영광읍 신남로 100-25,35.27472202,126.4935505,42,농산물,1일+6일,Y,Y,N,N,매칭완료
영광터미널시장,전남,영광군,전라남도 영광군 영광읍 신남로3길 5-3,35.27553643,126.5030198,91,농산물+축산물+수산물+가공식품+의류+가정용품,매일,Y,Y,Y,N,매칭완료
독천5일시장,전남,영암군,전라남도 영암군 미암면 독천1길 19,34.72459224,126.5671189,35,농산물+축산물+수산물+가공식품+의류+신발+가정용품+음식점,4일+9일,Y,Y,N,N,매칭완료
시종5일시장,전남,영암군,전라남도 영암군 시종면 내동중앙로 26,34.8674024,126.6080951,46,농산물+축산물+수산물+가공식품+의류+가정용품,2일+7일,Y,Y,N,N,매칭완료
신북5일시장,전남,영암군,전라남도 영암군 신북면 황금동로 78,34.88859606,126.6922282,28,농산물+축산물+수산물+가공식품+의류+신발+가정용품,3일+8일,N,N,N,N,매칭완료
영암5일시장,전남,영암군,전라남도 영암군 영암읍 오일시장길 28,34.80123497,126.7005743,120,농산물+수산물+가공식품+의류,5일+10일,Y,Y,N,N,매칭완료
완도남양시장(구 완도종합시장),전남,완도군,전라남도 완도군 완도읍 개포로56번길 16-4,34.31651727,126.7477207,27,농산물+수산물+의류+신발+음식점,5일+10일,N,N,N,N,매칭완료
완도전통시장(구 완도5일시장),전남,완도군,전라남도 완도군 완도읍 개포로 34-1,34.31610369,126.7482543,24,농산물+수산물+음식점,매일,Y,Y,N,N,매칭완료
완도중앙시장,전남,완도군,전라남도 완도군 완도읍 장보고대로 282-1,34.31446812,126.7552341,7,농산물+수산물+음식점,매일,Y,Y,N,N,매칭완료
사거리시장,전남,장성군,전라남도 장성군 북이면 사남북길 22,35.42767379,126.8072694,30,농산물+축산물+수산물+의류+신발+가정용품+음식점,1일+6일,Y,Y,Y,N,매칭완료
사창시장,전남,장성군,전라남도 장성군 삼계면 사창로 81-2,35.26039872,126.6630702,36,농산물+축산물+수산물+가공식품+의류+신발+음식점,2일+7일,Y,Y,N,N,매칭완료
황룡시장,전남,장성군,전라남도 장성군 황룡면 삼월길 5,35.2916867,126.7738864,119,농산물+축산물+수산물+가공식품+의류+신발+가정용품+음식점,4일+9일,Y,Y,N,N,매칭완료
대덕읍전통시장(대덕시장),전남,장흥군,전라남도 장흥군 대덕읍 거정2길 10,34.49944415,126.8871414,27,농산물+축산물+수산물+가공식품+의류+신발+가정용품+음식점,5일+10일,Y,Y,N,N,매칭완료
용산시장,전남,장흥군,전라남도 장흥군 용산면 용인길 4,34.61490641,126.9153133,7,농산물+가공식품+의류+음식점,1일+6일,Y,Y,N,N,매칭완료
장평시장,전남,장흥군,전라남도 장흥군 장평면 장택길 7,34.77539717,126.9778669,12,농산물+수산물+가공식품+의류+신발+가정용품+음식점,1일+6일,Y,Y,N,N,매칭완료
정남진장흥토요시장,전남,장흥군,전라남도 장흥군 장흥읍 토요시장1길 53,34.67727214,126.903159,140,농산물+축산물+수산물+가공식품+의류+신발+가정용품+음식점,2일+7일,Y,Y,Y,N,매칭완료
천관산관광시장,전남,장흥군,전라남도 장흥군 관산읍 칠관로 1559-4,34.56277107,126.9370717,39,농산물+축산물+수산물+가공식품+신발+가정용품+음식점,3일+8일,Y,Y,N,N,매칭완료
회진시장,전남,장흥군,전라남도 장흥군 회진면 회진중앙길 9-13,34.4820345,126.9403546,15,농산물+수산물+의류+음식점,매일,N,N,N,N,매칭완료
진도상설전통시장,전남,진도군,전라남도 진도군 진도읍 남동1길 57-8,34.48135668,126.2649029,13,농산물+수산물,매일,Y,Y,N,N,매칭완료
진도읍조금시장,전남,진도군,전라남도 진도군 진도읍 조금시장길 25,34.48155399,126.25734,41,농산물+수산물+의류+가정용품+음식점,2일+7일,Y,Y,Y,N,매칭완료
월야시장,전남,함평군,전라남도 함평군 월야면 밀재로 1504-5,35.17926742,126.626782,22,농산물+수산물+가공식품+의류+신발+가정용품+음식점,5일+10일,Y,Y,N,N,매칭완료
함평천지전통시장,전남,함평군,전라남도 함평군 함평읍 시장길 49,35.06373037,126.5234259,41,농산물+축산물+수산물+가공식품+의류+신발+가정용품+음식점,2일+7일,Y,Y,N,N,매칭완료
해보시장,전남,함평군,전라남도 함평군 해보면 밀재로 1274-12,35.18104709,126.6025443,28,농산물+수산물+가공식품+의류+신발+가정용품+음식점,3일+8일,Y,Y,N,N,매칭완료
남리5일시장,전남,해남군,전라남도 해남군 황산면 시등로 111-11,34.57532321,126.4324845,40,농산물+수산물+의류+가정용품,3일+8일,Y,Y,N,N,매칭완료
북평면남창5일시장,전남,해남군,전라남도 해남군 북평면 달량진길 48-11,34.40453441,126.6267107,16,농산물+수산물+신발+음식점,2일+7일,Y,Y,N,N,매칭완료
송지산정5일시장,전남,해남군,전라남도 해남군 송지면 산정1길 96,34.36966913,126.5191941,40,농산물+수산물+의류,2일+7일,Y,Y,N,N,매칭완료
우수영5일시장,전남,해남군,전라남도 해남군 문내면 동외리 919-17,,,,,,Y,,N,N,현황(P02)만 존재 - 좌표없음
좌일5일시장,전남,해남군,전라남도 해남군 북일면 만월길 26-1,34.46385571,126.6725613,,농산물+축산물,3일+8일,Y,Y,N,N,매칭완료
해남읍5일시장,전남,해남군,전라남도 해남군 해남읍 중앙2로 76,34.56878428,126.5971547,97,농산물+수산물+의류+신발+음식점,1일+6일,Y,Y,N,N,매칭완료
화원5일시장,전남,해남군,전라남도 해남군 화원면 금평리 239,,,,,,Y,,N,N,현황(P02)만 존재 - 좌표없음
능주전통시장,전남,화순군,전라남도 화순군 능주면 학포로 1955,34.99091732,126.959364,45,농산물+수산물+가공식품+의류+신발+가정용품+음식점,5일+10일,Y,Y,N,N,매칭완료
동복전통시장,전남,화순군,전라남도 화순군 동복면 동복시장길 19,35.07163148,127.1257557,20,농산물+수산물+가공식품+가정용품,2일+7일,N,N,N,N,매칭완료
사평전통시장,전남,화순군,전라남도 화순군 남면 사평길 32,35.00537383,127.0975835,52,농산물+수산물+가공식품+의류+신발+가정용품+음식점,5일+10일,N,N,N,N,매칭완료
이양전통시장,전남,화순군,전라남도 화순군 이양면 이양로 29-19,34.88259402,126.9868735,11,의류+신발+가정용품+근린생활서비스,4일+9일,Y,Y,N,N,매칭완료
화순고인돌전통시장,전남,화순군,전라남도 화순군 화순읍 시장길 42,35.05909434,126.9833988,100,농산물+축산물+수산물+가공식품+의류+신발+가정용품+음식점,3일+8일,Y,Y,Y,Y,매칭완료
